name	taxonomy_id	taxonomy_lvl	119_S24.P.bracken_num	119_S24.P.bracken_frac	120_S25.P.bracken_num	120_S25.P.bracken_frac	140_S26.P.bracken_num	140_S26.P.bracken_frac	147_S27.P.bracken_num	147_S27.P.bracken_frac	177_S28.P.bracken_num	177_S28.P.bracken_frac	178_S29.P.bracken_num	178_S29.P.bracken_frac	179_S31.P.bracken_num	179_S31.P.bracken_frac	209_S30.P.bracken_num	209_S30.P.bracken_frac	214_S32.P.bracken_num	214_S32.P.bracken_frac	82_S21.P.bracken_num	82_S21.P.bracken_frac	88_S22.P.bracken_num	88_S22.P.bracken_frac	99_S23.P.bracken_num	99_S23.P.bracken_frac	BLB_S18.P.bracken_num	BLB_S18.P.bracken_frac	BLB_WG4.P.bracken_num	BLB_WG4.P.bracken_frac	BLR_S17.P.bracken_num	BLR_S17.P.bracken_frac	BLR_WG4.P.bracken_num	BLR_WG4.P.bracken_frac	BLS_S16.P.bracken_num	BLS_S16.P.bracken_frac	DC06_S1.P.bracken_num	DC06_S1.P.bracken_frac	DC10_S2.P.bracken_num	DC10_S2.P.bracken_frac	DC11_S3.P.bracken_num	DC11_S3.P.bracken_frac	DC17_S4.P.bracken_num	DC17_S4.P.bracken_frac	DM13_S9.P.bracken_num	DM13_S9.P.bracken_frac	DM14_S10.P.bracken_num	DM14_S10.P.bracken_frac	DM15_S11.P.bracken_num	DM15_S11.P.bracken_frac	DM16_S12.P.bracken_num	DM16_S12.P.bracken_frac	GG01_S14.P.bracken_num	GG01_S14.P.bracken_frac	GH01_S13.P.bracken_num	GH01_S13.P.bracken_frac	GN13_S5.P.bracken_num	GN13_S5.P.bracken_frac	GN15_S6.P.bracken_num	GN15_S6.P.bracken_frac	GN18_S7.P.bracken_num	GN18_S7.P.bracken_frac	GN19_S8.P.bracken_num	GN19_S8.P.bracken_frac	NEG_S33.P.bracken_num	NEG_S33.P.bracken_frac	OC01_S15.P.bracken_num	OC01_S15.P.bracken_frac
Entoprocta	43120	P	0	0.00000	0	0.00000	0	0.00000	0	0.00000	0	0.00000	0	0.00000	0	0.00000	0	0.00000	0	0.00000	27	0.00000	0	0.00000	13	0.00000	0	0.00000	0	0.00000	0	0.00000	0	0.00000	0	0.00000	0	0.00000	0	0.00000	0	0.00000	0	0.00000	0	0.00000	0	0.00000	0	0.00000	0	0.00000	0	0.00000	0	0.00000	0	0.00000	0	0.00000	0	0.00000	0	0.00000	0	0.00000	0	0.00000
Duplornaviricota	2732405	P	72	0.00001	82	0.00001	117	0.00001	132	0.00001	228	0.00002	217	0.00002	180	0.00002	327	0.00003	84	0.00001	129	0.00001	119	0.00001	78	0.00001	169	0.00002	375	0.00004	95	0.00002	278	0.00003	264	0.00002	281	0.00002	92	0.00001	197	0.00002	187	0.00002	87	0.00002	120	0.00001	137	0.00002	98	0.00001	310	0.00004	305	0.00003	177	0.00002	176	0.00002	156	0.00001	103	0.00001	0	0.00000	90	0.00001
Candidatus Aerophobetes	1052815	P	0	0.00000	0	0.00000	0	0.00000	0	0.00000	0	0.00000	0	0.00000	0	0.00000	0	0.00000	0	0.00000	0	0.00000	0	0.00000	0	0.00000	10	0.00000	23	0.00000	0	0.00000	32	0.00000	17	0.00000	79	0.00001	15	0.00000	29	0.00000	15	0.00000	0	0.00000	13	0.00000	37	0.00000	14	0.00000	37	0.00001	51	0.00000	0	0.00000	0	0.00000	12	0.00000	0	0.00000	0	0.00000	0	0.00000
Peploviricota	2731361	P	108	0.00002	111	0.00002	196	0.00002	295	0.00003	152	0.00001	124	0.00001	115	0.00001	148	0.00001	150	0.00002	168	0.00002	267	0.00003	113	0.00002	142	0.00002	136	0.00001	164	0.00003	5221	0.00053	99	0.00001	3739	0.00032	103	0.00001	3810	0.00031	252	0.00002	174	0.00003	222	0.00002	3349	0.00039	174	0.00002	116	0.00002	106	0.00001	127	0.00002	290	0.00003	212	0.00002	210	0.00002	0	0.00000	157	0.00002
Porifera	6040	P	1014	0.00016	710	0.00011	400	0.00004	387	0.00004	526	0.00005	1001	0.00010	511	0.00005	806	0.00008	599	0.00007	721	0.00008	417	0.00004	1438	0.00026	461	0.00005	615	0.00006	367	0.00006	731	0.00007	731	0.00007	1147	0.00010	376	0.00003	835	0.00007	548	0.00005	545	0.00010	360	0.00004	704	0.00008	392	0.00004	459	0.00007	536	0.00004	614	0.00008	853	0.00008	730	0.00007	382	0.00004	0	0.00000	830	0.00011
Bryozoa	10205	P	6871	0.00107	5681	0.00085	12656	0.00128	13194	0.00120	9694	0.00087	8416	0.00084	7423	0.00079	6986	0.00070	7504	0.00087	8115	0.00087	8745	0.00085	6393	0.00117	9166	0.00101	8160	0.00084	6675	0.00114	9450	0.00096	11934	0.00110	7801	0.00067	2432	0.00022	6859	0.00055	4716	0.00044	3187	0.00058	6152	0.00064	4539	0.00053	4035	0.00043	7029	0.00100	6072	0.00051	5782	0.00078	5008	0.00049	5919	0.00054	2618	0.00028	0	0.00000	5291	0.00070
Acanthocephala	10232	P	0	0.00000	11	0.00000	14	0.00000	10	0.00000	30	0.00000	27	0.00000	29	0.00000	20	0.00000	0	0.00000	0	0.00000	0	0.00000	11	0.00000	12	0.00000	0	0.00000	11	0.00000	0	0.00000	0	0.00000	113	0.00001	10	0.00000	0	0.00000	30	0.00000	13	0.00000	0	0.00000	0	0.00000	0	0.00000	0	0.00000	0	0.00000	0	0.00000	0	0.00000	0	0.00000	0	0.00000	0	0.00000	18	0.00000
Dictyoglomi	68297	P	0	0.00000	13	0.00000	21	0.00000	30	0.00000	26	0.00000	18	0.00000	23	0.00000	31	0.00000	43	0.00000	18	0.00000	27	0.00000	28	0.00001	49	0.00001	398	0.00004	62	0.00001	324	0.00003	389	0.00004	93	0.00001	27	0.00000	276	0.00002	63	0.00001	47	0.00001	206	0.00002	105	0.00001	174	0.00002	89	0.00001	245	0.00002	60	0.00001	208	0.00002	257	0.00002	146	0.00002	0	0.00000	23	0.00000
Gastrotricha	33313	P	0	0.00000	0	0.00000	0	0.00000	0	0.00000	110	0.00001	0	0.00000	0	0.00000	0	0.00000	0	0.00000	0	0.00000	0	0.00000	142	0.00003	0	0.00000	0	0.00000	0	0.00000	0	0.00000	0	0.00000	0	0.00000	0	0.00000	0	0.00000	0	0.00000	0	0.00000	0	0.00000	0	0.00000	0	0.00000	0	0.00000	0	0.00000	0	0.00000	0	0.00000	0	0.00000	0	0.00000	0	0.00000	0	0.00000
Thaumarchaeota	651137	P	622	0.00010	569	0.00008	1036	0.00010	958	0.00009	910	0.00008	728	0.00007	538	0.00006	636	0.00006	809	0.00009	535	0.00006	720	0.00007	390	0.00007	620	0.00007	1843	0.00019	504	0.00009	1245	0.00013	1882	0.00017	1618	0.00014	453	0.00004	2867	0.00023	1079	0.00010	554	0.00010	1872	0.00019	1064	0.00012	1037	0.00011	1811	0.00026	611	0.00005	442	0.00006	1026	0.00010	1601	0.00015	627	0.00007	0	0.00000	606	0.00008
Deinococcus-Thermus	1297	P	495	0.00008	586	0.00009	604	0.00006	655	0.00006	577	0.00005	433	0.00004	404	0.00004	555	0.00006	444	0.00005	723	0.00008	451	0.00004	481	0.00009	1005	0.00011	2558	0.00026	730	0.00012	2759	0.00028	2726	0.00025	1602	0.00014	712	0.00006	3235	0.00026	2688	0.00025	1547	0.00028	3085	0.00032	2225	0.00026	3393	0.00036	2258	0.00032	1378	0.00012	572	0.00008	2432	0.00024	3056	0.00028	4330	0.00046	0	0.00000	588	0.00008
Gemmatimonadetes	142182	P	136	0.00002	136	0.00002	133	0.00001	353	0.00003	220	0.00002	185	0.00002	169	0.00002	253	0.00003	273	0.00003	84	0.00001	165	0.00002	302	0.00006	527	0.00006	752	0.00008	408	0.00007	336	0.00003	618	0.00006	894	0.00008	412	0.00004	1759	0.00014	1406	0.00013	606	0.00011	1192	0.00012	632	0.00007	1257	0.00013	427	0.00006	465	0.00004	193	0.00003	533	0.00005	1231	0.00011	1340	0.00014	0	0.00000	241	0.00003
Candidatus Levybacteria	1752719	P	0	0.00000	0	0.00000	0	0.00000	0	0.00000	0	0.00000	0	0.00000	0	0.00000	90	0.00001	0	0.00000	0	0.00000	0	0.00000	0	0.00000	0	0.00000	0	0.00000	0	0.00000	0	0.00000	0	0.00000	21	0.00000	12	0.00000	10	0.00000	10	0.00000	33	0.00001	83	0.00001	119	0.00001	81	0.00001	0	0.00000	0	0.00000	0	0.00000	0	0.00000	0	0.00000	0	0.00000	0	0.00000	0	0.00000
Candidatus Roizmanbacteria	1752723	P	0	0.00000	0	0.00000	17	0.00000	0	0.00000	39	0.00000	29	0.00000	12	0.00000	34	0.00000	0	0.00000	14	0.00000	27	0.00000	10	0.00000	26	0.00000	941	0.00010	45	0.00001	1493	0.00015	1620	0.00015	68	0.00001	0	0.00000	57	0.00000	28	0.00000	0	0.00000	39	0.00000	74	0.00001	67	0.00001	28	0.00000	23	0.00000	32	0.00000	57	0.00001	86	0.00001	23	0.00000	0	0.00000	21	0.00000
Calditrichaeota	1930617	P	22	0.00000	21	0.00000	812	0.00008	824	0.00007	34	0.00000	27	0.00000	17	0.00000	22	0.00000	46	0.00001	29	0.00000	23	0.00000	16	0.00000	27	0.00000	91	0.00001	60	0.00001	56	0.00001	407	0.00004	120	0.00001	44	0.00000	431	0.00003	72	0.00001	41	0.00001	117	0.00001	149	0.00002	199	0.00002	828	0.00012	34	0.00000	22	0.00000	13	0.00000	30	0.00000	33	0.00000	0	0.00000	16	0.00000
Candidatus Microgenomates	67820	P	0	0.00000	0	0.00000	0	0.00000	0	0.00000	0	0.00000	0	0.00000	0	0.00000	0	0.00000	0	0.00000	0	0.00000	0	0.00000	0	0.00000	0	0.00000	0	0.00000	0	0.00000	0	0.00000	0	0.00000	0	0.00000	0	0.00000	0	0.00000	0	0.00000	0	0.00000	29	0.00000	0	0.00000	21	0.00000	0	0.00000	0	0.00000	0	0.00000	0	0.00000	0	0.00000	0	0.00000	0	0.00000	0	0.00000
Candidatus Falkowbacteria	1752728	P	0	0.00000	0	0.00000	0	0.00000	14	0.00000	0	0.00000	0	0.00000	0	0.00000	11	0.00000	0	0.00000	0	0.00000	17	0.00000	0	0.00000	24	0.00000	53	0.00001	16	0.00000	70	0.00001	50	0.00000	50	0.00000	0	0.00000	41	0.00000	22	0.00000	22	0.00000	237	0.00002	80	0.00001	56	0.00001	42	0.00001	0	0.00000	0	0.00000	51	0.00001	22	0.00000	14	0.00000	0	0.00000	116	0.00002
Candidatus Saccharibacteria	95818	P	67	0.00001	63	0.00001	60	0.00001	93	0.00001	173	0.00002	126	0.00001	151	0.00002	124	0.00001	119	0.00001	81	0.00001	307	0.00003	87	0.00002	159	0.00002	688	0.00007	160	0.00003	581	0.00006	1134	0.00010	2023	0.00017	154	0.00001	1518	0.00012	913	0.00009	950	0.00017	3033	0.00031	2324	0.00027	3675	0.00039	801	0.00011	487	0.00004	167	0.00002	767	0.00008	2135	0.00019	3850	0.00041	0	0.00000	65	0.00001
Firmicutes	1239	P	29215	0.00456	30102	0.00449	96487	0.00976	111776	0.01016	44217	0.00398	38735	0.00385	36025	0.00383	40699	0.00407	72098	0.00836	61146	0.00658	51766	0.00502	34885	0.00637	60176	0.00666	791456	0.08172	66030	0.01125	813535	0.08286	837428	0.07730	329642	0.02846	85927	0.00767	449922	0.03612	159201	0.01497	77725	0.01407	648692	0.06707	466498	0.05451	385063	0.04090	479165	0.06824	724860	0.06076	151682	0.02034	1048083	0.10303	1472629	0.13368	806913	0.08595	0	0.00000	44328	0.00586
Atribacterota	67818	P	10	0.00000	10	0.00000	11	0.00000	10	0.00000	27	0.00000	28	0.00000	24	0.00000	10	0.00000	24	0.00000	29	0.00000	71	0.00001	19	0.00000	20	0.00000	198	0.00002	29	0.00000	277	0.00003	173	0.00002	87	0.00001	50	0.00000	133	0.00001	61	0.00001	35	0.00001	444	0.00005	167	0.00002	210	0.00002	49	0.00001	23	0.00000	12	0.00000	86	0.00001	19	0.00000	47	0.00001	0	0.00000	0	0.00000
Candidatus Thorarchaeota	1706441	P	0	0.00000	0	0.00000	0	0.00000	3589	0.00033	16	0.00000	10359	0.00103	0	0.00000	20	0.00000	5165	0.00060	0	0.00000	10	0.00000	4947	0.00090	5144	0.00057	22	0.00000	3284	0.00056	28	0.00000	30	0.00000	8828	0.00076	12	0.00000	13696	0.00110	3307	0.00031	3484	0.00063	7964	0.00082	3800	0.00044	6873	0.00073	18	0.00000	78	0.00001	12	0.00000	0	0.00000	21	0.00000	20	0.00000	0	0.00000	16	0.00000
Cercozoa	136419	P	55	0.00001	25	0.00000	80	0.00001	28	0.00000	89	0.00001	250	0.00002	21	0.00000	419	0.00004	221	0.00003	246	0.00003	433	0.00004	64	0.00001	111	0.00001	872	0.00009	36	0.00001	172	0.00002	338	0.00003	95	0.00001	180	0.00002	385	0.00003	287	0.00003	184	0.00003	244	0.00003	391	0.00005	122	0.00001	292	0.00004	38	0.00000	37	0.00000	190	0.00002	78	0.00001	46	0.00000	0	0.00000	39	0.00001
Fusobacteria	32066	P	1203	0.00019	1217	0.00018	1022	0.00010	1157	0.00011	1303	0.00012	1183	0.00012	1159	0.00012	1122	0.00011	1020	0.00012	9462	0.00102	10987	0.00107	951	0.00017	1825	0.00020	30282	0.00313	1541	0.00026	274589	0.02797	31323	0.00289	135982	0.01174	2421	0.00022	68512	0.00550	70506	0.00663	3869	0.00070	27428	0.00284	11496	0.00134	6236	0.00066	14180	0.00202	4130	0.00035	2135	0.00029	10713	0.00105	8836	0.00080	3447	0.00037	0	0.00000	1603	0.00021
Platyhelminthes	6157	P	19641	0.00306	20295	0.00302	29704	0.00301	32861	0.00299	31695	0.00285	26920	0.00267	27286	0.00290	30358	0.00304	28702	0.00333	26551	0.00286	24223	0.00235	14939	0.00273	26470	0.00293	26260	0.00271	16981	0.00289	25114	0.00256	29816	0.00275	31674	0.00273	10945	0.00098	23861	0.00192	22425	0.00211	14486	0.00262	18797	0.00194	15283	0.00179	15812	0.00168	21063	0.00300	33816	0.00283	33054	0.00443	22298	0.00219	30362	0.00276	12493	0.00133	0	0.00000	24164	0.00320
Crenarchaeota	28889	P	1982	0.00031	1945	0.00029	990	0.00010	1183	0.00011	2158	0.00019	1806	0.00018	2315	0.00025	1395	0.00014	2899	0.00034	772	0.00008	1111	0.00011	747	0.00014	896	0.00010	3052	0.00032	664	0.00011	1774	0.00018	2208	0.00020	1703	0.00015	607	0.00005	1916	0.00015	1405	0.00013	686	0.00012	1504	0.00016	1129	0.00013	873	0.00009	2047	0.00029	1185	0.00010	932	0.00012	1380	0.00014	1810	0.00016	772	0.00008	0	0.00000	635	0.00008
Placozoa	10226	P	56	0.00001	51	0.00001	92	0.00001	114	0.00001	124	0.00001	111	0.00001	102	0.00001	190	0.00002	90	0.00001	99	0.00001	87	0.00001	71	0.00001	101	0.00001	332	0.00003	60	0.00001	443	0.00005	360	0.00003	178	0.00002	89	0.00001	155	0.00001	98	0.00001	110	0.00002	56	0.00001	76	0.00001	59	0.00001	140	0.00002	52	0.00000	80	0.00001	154	0.00002	189	0.00002	64	0.00001	0	0.00000	80	0.00001
Annelida	6340	P	11911	0.00186	12855	0.00192	18746	0.00190	20652	0.00188	24455	0.00220	21753	0.00216	21176	0.00225	22752	0.00228	16554	0.00192	17281	0.00186	17532	0.00170	10857	0.00198	17879	0.00198	20475	0.00211	11552	0.00197	17006	0.00173	19852	0.00183	21256	0.00184	6620	0.00059	13217	0.00106	14342	0.00135	10194	0.00185	13537	0.00140	8657	0.00101	8733	0.00093	13965	0.00199	19223	0.00161	21696	0.00291	13258	0.00130	14933	0.00136	6760	0.00072	0	0.00000	13885	0.00184
Candidatus Latescibacteria	74015	P	19	0.00000	16	0.00000	3927	0.00040	4817	0.00044	95	0.00001	58	0.00001	87	0.00001	38	0.00000	41	0.00000	3041	0.00033	1479	0.00014	49	0.00001	85	0.00001	78	0.00001	62	0.00001	62	0.00001	27	0.00000	128	0.00001	40	0.00000	179	0.00001	155	0.00001	108	0.00002	179	0.00002	204	0.00002	222	0.00002	56	0.00001	57	0.00000	46	0.00001	57	0.00001	168	0.00002	186	0.00002	0	0.00000	20	0.00000
Candidatus Eisenbacteria	1817801	P	0	0.00000	0	0.00000	10	0.00000	0	0.00000	0	0.00000	0	0.00000	0	0.00000	37	0.00000	13	0.00000	0	0.00000	0	0.00000	0	0.00000	0	0.00000	0	0.00000	0	0.00000	0	0.00000	0	0.00000	16	0.00000	32	0.00000	71	0.00001	166	0.00002	19	0.00000	26	0.00000	21	0.00000	30	0.00000	0	0.00000	0	0.00000	0	0.00000	10	0.00000	36	0.00000	17	0.00000	0	0.00000	0	0.00000
Blastocladiomycota	451459	P	0	0.00000	0	0.00000	0	0.00000	0	0.00000	0	0.00000	0	0.00000	0	0.00000	0	0.00000	0	0.00000	0	0.00000	0	0.00000	0	0.00000	0	0.00000	0	0.00000	0	0.00000	0	0.00000	0	0.00000	5882	0.00051	0	0.00000	0	0.00000	0	0.00000	0	0.00000	0	0.00000	0	0.00000	0	0.00000	0	0.00000	0	0.00000	0	0.00000	0	0.00000	0	0.00000	0	0.00000	0	0.00000	0	0.00000
Armatimonadetes	67819	P	42	0.00001	47	0.00001	67	0.00001	96	0.00001	95	0.00001	110	0.00001	77	0.00001	315	0.00003	287	0.00003	95	0.00001	92	0.00001	84	0.00002	182	0.00002	217	0.00002	119	0.00002	135	0.00001	339	0.00003	312	0.00003	81	0.00001	618	0.00005	441	0.00004	243	0.00004	548	0.00006	600	0.00007	618	0.00007	286	0.00004	162	0.00001	97	0.00001	151	0.00001	439	0.00004	450	0.00005	0	0.00000	1132	0.00015
Cyanobacteria	1117	P	5059	0.00079	5288	0.00079	4800	0.00049	5915	0.00054	8760	0.00079	7806	0.00078	6889	0.00073	5745	0.00058	6487	0.00075	4350	0.00047	6487	0.00063	5730	0.00105	13612	0.00151	25845	0.00267	9091	0.00155	21914	0.00223	28031	0.00259	18280	0.00158	5229	0.00047	23754	0.00191	17907	0.00168	6135	0.00111	20623	0.00213	13516	0.00158	14735	0.00157	31444	0.00448	11149	0.00093	6194	0.00083	14761	0.00145	18361	0.00167	11441	0.00122	0	0.00000	4275	0.00057
Caldiserica	67814	P	0	0.00000	0	0.00000	0	0.00000	0	0.00000	95	0.00001	38	0.00000	89	0.00001	11	0.00000	0	0.00000	13	0.00000	27	0.00000	0	0.00000	22	0.00000	254	0.00003	0	0.00000	192	0.00002	302	0.00003	24	0.00000	0	0.00000	42	0.00000	16	0.00000	14	0.00000	14	0.00000	16	0.00000	16	0.00000	987	0.00014	17	0.00000	0	0.00000	103	0.00001	11	0.00000	0	0.00000	0	0.00000	0	0.00000
Prasinodermophyta	2806169	P	0	0.00000	0	0.00000	0	0.00000	0	0.00000	957	0.00009	1075	0.00011	590	0.00006	0	0.00000	0	0.00000	0	0.00000	0	0.00000	0	0.00000	0	0.00000	0	0.00000	0	0.00000	0	0.00000	0	0.00000	0	0.00000	0	0.00000	0	0.00000	0	0.00000	0	0.00000	0	0.00000	0	0.00000	0	0.00000	0	0.00000	0	0.00000	0	0.00000	0	0.00000	0	0.00000	0	0.00000	0	0.00000	0	0.00000
Chlorophyta	3041	P	6997	0.00109	6636	0.00099	6220	0.00063	7193	0.00065	10848	0.00098	9746	0.00097	7681	0.00082	8665	0.00087	7325	0.00085	5288	0.00057	8176	0.00079	5659	0.00103	8559	0.00095	19207	0.00198	6650	0.00113	21351	0.00217	22841	0.00211	10567	0.00091	3585	0.00032	10436	0.00084	8074	0.00076	4744	0.00086	9183	0.00095	7523	0.00088	7993	0.00085	7102	0.00101	9851	0.00083	5354	0.00072	10780	0.00106	11493	0.00104	9296	0.00099	0	0.00000	7006	0.00093
Cnidaria	6073	P	11434	0.00178	12628	0.00188	19419	0.00197	21032	0.00191	18723	0.00168	15931	0.00158	16011	0.00170	17481	0.00175	17519	0.00203	16461	0.00177	18372	0.00178	10795	0.00197	22055	0.00244	18598	0.00192	14307	0.00244	22422	0.00228	24438	0.00226	25193	0.00218	6010	0.00054	20701	0.00166	12065	0.00113	6838	0.00124	14807	0.00153	11460	0.00134	11253	0.00120	14082	0.00201	14542	0.00122	11913	0.00160	14950	0.00147	16960	0.00154	9555	0.00102	0	0.00000	11055	0.00146
Kiritimatiellaeota	134625	P	28	0.00000	18	0.00000	43	0.00000	46	0.00000	18999	0.00171	14745	0.00146	16380	0.00174	7768	0.00078	36	0.00000	33	0.00000	22	0.00000	39	0.00001	116	0.00001	71	0.00001	282	0.00005	69	0.00001	68	0.00001	229	0.00002	228	0.00002	165775	0.01331	280	0.00003	97	0.00002	264	0.00003	201	0.00002	291	0.00003	201	0.00003	194	0.00002	15222	0.00204	57	0.00001	246	0.00002	292	0.00003	0	0.00000	45	0.00001
Candidatus Woesebacteria	1752722	P	33	0.00001	34	0.00001	36	0.00000	49	0.00000	29	0.00000	25	0.00000	31	0.00000	225	0.00002	34	0.00000	44	0.00000	49	0.00000	17	0.00000	81	0.00001	342	0.00004	41	0.00001	396	0.00004	848	0.00008	182	0.00002	33	0.00000	369	0.00003	88	0.00001	39	0.00001	606	0.00006	143	0.00002	111	0.00001	72	0.00001	55	0.00000	58	0.00001	69	0.00001	205	0.00002	127	0.00001	0	0.00000	23	0.00000
Haptophyta	2830	P	7915	0.00123	9981	0.00149	7101	0.00072	10996	0.00100	7084	0.00064	6315	0.00063	6822	0.00072	749	0.00007	5738	0.00067	5452	0.00059	19892	0.00193	5646	0.00103	6248	0.00069	986	0.00010	5989	0.00102	949	0.00010	85278	0.00787	21441	0.00185	429	0.00004	14839	0.00119	645	0.00006	675	0.00012	14251	0.00147	22472	0.00263	2443	0.00026	10076	0.00144	6900	0.00058	8492	0.00114	8700	0.00086	10237	0.00093	804	0.00009	0	0.00000	8291	0.00110
Foraminifera	29178	P	0	0.00000	17	0.00000	232	0.00002	347	0.00003	129	0.00001	214	0.00002	178	0.00002	14	0.00000	132	0.00002	917	0.00010	363	0.00004	240	0.00004	43	0.00000	27	0.00000	369	0.00006	111	0.00001	101	0.00001	0	0.00000	0	0.00000	0	0.00000	0	0.00000	11	0.00000	11	0.00000	125	0.00001	0	0.00000	0	0.00000	0	0.00000	57	0.00001	0	0.00000	0	0.00000	0	0.00000	0	0.00000	42	0.00001
Rhodothermaeota	1853220	P	0	0.00000	0	0.00000	0	0.00000	0	0.00000	105	0.00001	75	0.00001	65	0.00001	0	0.00000	0	0.00000	0	0.00000	25	0.00000	0	0.00000	120	0.00001	358	0.00004	75	0.00001	240	0.00002	494	0.00005	319	0.00003	113	0.00001	1048	0.00008	290	0.00003	107	0.00002	507	0.00005	477	0.00006	618	0.00007	110	0.00002	55	0.00000	0	0.00000	0	0.00000	172	0.00002	153	0.00002	0	0.00000	0	0.00000
Lenarviricota	2732407	P	26	0.00000	32	0.00000	43	0.00000	37	0.00000	55	0.00000	52	0.00001	44	0.00000	50	0.00001	70	0.00001	29	0.00000	65	0.00001	23	0.00000	104	0.00001	455	0.00005	46	0.00001	920	0.00009	1061	0.00010	96	0.00001	59	0.00001	145	0.00001	97	0.00001	30	0.00001	76	0.00001	41	0.00000	73	0.00001	142	0.00002	113	0.00001	75	0.00001	87	0.00001	102	0.00001	76	0.00001	0	0.00000	55	0.00001
Candidatus Berkelbacteria	1618330	P	13	0.00000	13	0.00000	0	0.00000	0	0.00000	12	0.00000	0	0.00000	0	0.00000	11	0.00000	0	0.00000	0	0.00000	0	0.00000	21	0.00000	0	0.00000	133	0.00001	0	0.00000	75	0.00001	65	0.00001	25	0.00000	0	0.00000	17	0.00000	16	0.00000	0	0.00000	16	0.00000	0	0.00000	15	0.00000	0	0.00000	11	0.00000	0	0.00000	0	0.00000	0	0.00000	16	0.00000	0	0.00000	0	0.00000
Endomyxa	2604748	P	0	0.00000	0	0.00000	0	0.00000	0	0.00000	0	0.00000	0	0.00000	0	0.00000	0	0.00000	0	0.00000	0	0.00000	0	0.00000	0	0.00000	18	0.00000	59	0.00001	0	0.00000	0	0.00000	0	0.00000	0	0.00000	0	0.00000	41	0.00000	0	0.00000	0	0.00000	0	0.00000	21	0.00000	72	0.00001	89	0.00001	0	0.00000	0	0.00000	0	0.00000	0	0.00000	0	0.00000	0	0.00000	0	0.00000
Hofneiviricota	2732410	P	334	0.00005	329	0.00005	286	0.00003	347	0.00003	637	0.00006	567	0.00006	538	0.00006	23	0.00000	389	0.00005	361	0.00004	466	0.00005	226	0.00004	477	0.00005	940	0.00010	299	0.00005	292	0.00003	1131	0.00010	102	0.00001	0	0.00000	1307	0.00010	518	0.00005	14	0.00000	30	0.00000	28	0.00000	634	0.00007	674	0.00010	638	0.00005	341	0.00005	144	0.00001	147	0.00001	64	0.00001	0	0.00000	329	0.00004
Imbricatea	1736114	P	0	0.00000	314	0.00005	35	0.00000	0	0.00000	53	0.00000	20	0.00000	49	0.00001	29	0.00000	24	0.00000	22	0.00000	73	0.00001	20	0.00000	34	0.00000	392	0.00004	18	0.00000	304	0.00003	819	0.00008	80	0.00001	26	0.00000	256	0.00002	207	0.00002	64	0.00001	35	0.00000	81	0.00001	59	0.00001	35	0.00000	52	0.00000	56	0.00001	522	0.00005	340	0.00003	236	0.00003	0	0.00000	0	0.00000
Deferribacteres	200930	P	60	0.00001	91	0.00001	106	0.00001	124	0.00001	144	0.00001	122	0.00001	131	0.00001	139	0.00001	532	0.00006	141	0.00002	176	0.00002	79	0.00001	240	0.00003	1205	0.00012	244	0.00004	1000	0.00010	14009	0.00129	534	0.00005	152	0.00001	714	0.00006	282	0.00003	161	0.00003	505	0.00005	519	0.00006	450	0.00005	295	0.00004	257	0.00002	125	0.00002	474	0.00005	415	0.00004	263	0.00003	0	0.00000	70	0.00001
Candidatus Sumerlaeota	200295	P	18	0.00000	0	0.00000	0	0.00000	0	0.00000	0	0.00000	0	0.00000	0	0.00000	0	0.00000	10	0.00000	0	0.00000	11	0.00000	12	0.00000	16	0.00000	41	0.00000	26	0.00000	0	0.00000	0	0.00000	22	0.00000	10	0.00000	82	0.00001	25	0.00000	16	0.00000	56	0.00001	36	0.00000	54	0.00001	0	0.00000	23	0.00000	13	0.00000	10	0.00000	40	0.00000	31	0.00000	0	0.00000	0	0.00000
Pisuviricota	2732408	P	2683	0.00042	2767	0.00041	634	0.00006	736	0.00007	870	0.00008	694	0.00007	796	0.00008	1937	0.00019	536	0.00006	651	0.00007	542	0.00005	413	0.00008	546	0.00006	1082	0.00011	349	0.00006	1745	0.00018	3638	0.00034	1111	0.00010	225	0.00002	945	0.00008	546	0.00005	351	0.00006	874	0.00009	786	0.00009	592	0.00006	1395	0.00020	601	0.00005	413	0.00006	474	0.00005	654	0.00006	439	0.00005	0	0.00000	351	0.00005
Euglenozoa	33682	P	3778	0.00059	3969	0.00059	4246	0.00043	4632	0.00042	4866	0.00044	4004	0.00040	4206	0.00045	5380	0.00054	4542	0.00053	3972	0.00043	2820	0.00027	2927	0.00053	4478	0.00050	1996	0.00021	2796	0.00048	2255	0.00023	3050	0.00028	4591	0.00040	1627	0.00015	4213	0.00034	3791	0.00036	2413	0.00044	3229	0.00033	2506	0.00029	2769	0.00029	1930	0.00027	4306	0.00036	4006	0.00054	3002	0.00030	5140	0.00047	2832	0.00030	0	0.00000	3572	0.00047
Nucleocytoviricota	2732007	P	540	0.00008	536	0.00008	921	0.00009	961	0.00009	969	0.00009	813	0.00008	768	0.00008	1117	0.00011	771	0.00009	3355	0.00036	2140	0.00021	551	0.00010	1067	0.00012	2537	0.00026	739	0.00013	2437	0.00025	2831	0.00026	1288	0.00011	486	0.00004	1507	0.00012	811	0.00008	357	0.00006	1583	0.00016	1032	0.00012	984	0.00010	1058	0.00015	681	0.00006	676	0.00009	1984	0.00020	1690	0.00015	668	0.00007	0	0.00000	574	0.00008
Candidatus Niyogibacteria	1817912	P	0	0.00000	0	0.00000	12	0.00000	16	0.00000	0	0.00000	0	0.00000	0	0.00000	0	0.00000	0	0.00000	0	0.00000	0	0.00000	0	0.00000	0	0.00000	0	0.00000	0	0.00000	0	0.00000	0	0.00000	0	0.00000	0	0.00000	12	0.00000	0	0.00000	0	0.00000	18	0.00000	0	0.00000	14	0.00000	0	0.00000	0	0.00000	0	0.00000	0	0.00000	0	0.00000	0	0.00000	0	0.00000	0	0.00000
Candidatus Coatesbacteria	1817797	P	13	0.00000	11	0.00000	10	0.00000	17	0.00000	24	0.00000	10	0.00000	12	0.00000	17	0.00000	14	0.00000	0	0.00000	0	0.00000	10	0.00000	29	0.00000	0	0.00000	39	0.00001	12	0.00000	13	0.00000	63	0.00001	0	0.00000	78	0.00001	71	0.00001	24	0.00000	44	0.00000	43	0.00001	78	0.00001	0	0.00000	27	0.00000	0	0.00000	19	0.00000	38	0.00000	65	0.00001	0	0.00000	0	0.00000
Chrysiogenetes	200938	P	12	0.00000	13	0.00000	0	0.00000	14	0.00000	12	0.00000	0	0.00000	0	0.00000	22	0.00000	0	0.00000	13	0.00000	26	0.00000	0	0.00000	37	0.00000	24	0.00000	62	0.00001	16	0.00000	22	0.00000	151	0.00001	15	0.00000	103	0.00001	82	0.00001	33	0.00001	86	0.00001	80	0.00001	95	0.00001	30	0.00000	33	0.00000	11	0.00000	48	0.00000	76	0.00001	66	0.00001	0	0.00000	0	0.00000
Gnathostomulida	66780	P	0	0.00000	0	0.00000	36	0.00000	36	0.00000	89	0.00001	134	0.00001	85	0.00001	80	0.00001	17	0.00000	33	0.00000	22	0.00000	0	0.00000	0	0.00000	0	0.00000	0	0.00000	0	0.00000	0	0.00000	0	0.00000	0	0.00000	0	0.00000	0	0.00000	0	0.00000	0	0.00000	0	0.00000	0	0.00000	0	0.00000	0	0.00000	0	0.00000	0	0.00000	0	0.00000	0	0.00000	0	0.00000	0	0.00000
Taleaviricota	2840024	P	476	0.00007	560	0.00008	1565	0.00016	1738	0.00016	0	0.00000	0	0.00000	0	0.00000	875	0.00009	0	0.00000	22037	0.00237	7363	0.00071	0	0.00000	0	0.00000	2157	0.00022	0	0.00000	4196	0.00043	2815	0.00026	0	0.00000	0	0.00000	0	0.00000	0	0.00000	0	0.00000	0	0.00000	0	0.00000	2496	0.00027	0	0.00000	923	0.00008	0	0.00000	1340	0.00013	0	0.00000	0	0.00000	0	0.00000	0	0.00000
Apicomplexa	5794	P	12624	0.00197	13021	0.00194	18671	0.00189	20449	0.00186	22793	0.00205	19758	0.00196	19043	0.00202	17215	0.00172	15403	0.00179	14743	0.00159	19389	0.00188	9221	0.00168	15932	0.00176	29233	0.00302	10833	0.00185	29651	0.00302	35215	0.00325	21253	0.00184	6844	0.00061	19939	0.00160	13170	0.00124	7397	0.00134	15272	0.00158	11749	0.00137	11170	0.00119	20690	0.00295	13376	0.00112	12879	0.00173	19414	0.00191	20564	0.00187	8977	0.00096	0	0.00000	17726	0.00235
Balneolaeota	1936987	P	43	0.00001	40	0.00001	104	0.00001	110	0.00001	70	0.00001	42	0.00000	43	0.00000	69	0.00001	68	0.00001	72	0.00001	60	0.00001	2763	0.00050	123	0.00001	1541	0.00016	151	0.00003	1043	0.00011	2010	0.00019	425	0.00004	196	0.00002	1298	0.00010	318	0.00003	141	0.00003	939	0.00010	446	0.00005	557	0.00006	207	0.00003	144	0.00001	88	0.00001	234	0.00002	522	0.00005	196	0.00002	0	0.00000	55	0.00001
Evosea	2605435	P	3898	0.00061	3791	0.00056	2063	0.00021	2382	0.00022	4303	0.00039	2424	0.00024	3620	0.00038	3048	0.00031	2656	0.00031	2033	0.00022	2805	0.00027	1195	0.00022	2411	0.00027	5880	0.00061	1459	0.00025	9304	0.00095	7362	0.00068	3932	0.00034	1101	0.00010	3253	0.00026	2707	0.00025	1924	0.00035	3762	0.00039	2067	0.00024	2064	0.00022	4975	0.00071	2352	0.00020	1978	0.00027	4038	0.00040	4199	0.00038	1939	0.00021	0	0.00000	2231	0.00030
Phixviricota	2732412	P	58	0.00001	48	0.00001	120	0.00001	147	0.00001	121	0.00001	71	0.00001	113	0.00001	82	0.00001	74	0.00001	85	0.00001	127	0.00001	57	0.00001	121	0.00001	359	0.00004	67	0.00001	130	0.00001	611	0.00006	164	0.00001	46	0.00000	213	0.00002	141	0.00001	79	0.00001	112	0.00001	279	0.00003	147	0.00002	220	0.00003	138	0.00001	73	0.00001	92	0.00001	144	0.00001	123	0.00001	0	0.00000	91	0.00001
Oomycota	4762	P	6267	0.00098	5837	0.00087	4386	0.00044	4715	0.00043	5268	0.00047	3763	0.00037	4390	0.00047	4753	0.00048	5535	0.00064	3757	0.00040	7384	0.00072	3571	0.00065	11319	0.00125	47297	0.00488	7389	0.00126	24606	0.00251	32455	0.00300	6279	0.00054	2278	0.00020	12596	0.00101	3784	0.00036	2907	0.00053	10292	0.00106	5927	0.00069	6819	0.00072	11269	0.00160	5790	0.00049	3298	0.00044	12741	0.00125	9702	0.00088	5614	0.00060	0	0.00000	7749	0.00103
Hemichordata	10219	P	1062	0.00017	1319	0.00020	399	0.00004	440	0.00004	563	0.00005	528	0.00005	547	0.00006	547	0.00005	515	0.00006	452	0.00005	591	0.00006	399	0.00007	1351	0.00015	1155	0.00012	833	0.00014	953	0.00010	1137	0.00010	3752	0.00032	1144	0.00010	1057	0.00008	2390	0.00022	1917	0.00035	287	0.00003	1330	0.00016	319	0.00003	481	0.00007	1896	0.00016	1157	0.00016	931	0.00009	264	0.00002	205	0.00002	0	0.00000	402	0.00005
Streptophyta	35493	P	279611	0.04362	286108	0.04264	378818	0.03834	412947	0.03755	433126	0.03895	364796	0.03624	365125	0.03877	409568	0.04100	355299	0.04122	384442	0.04135	417966	0.04057	255512	0.04669	451170	0.04993	553176	0.05711	290670	0.04953	556549	0.05668	648240	0.05984	389711	0.03365	121643	0.01086	413375	0.03319	241602	0.02271	155632	0.02817	355549	0.03676	235370	0.02750	246255	0.02616	404231	0.05757	285191	0.02391	246124	0.03301	331991	0.03264	388058	0.03523	187122	0.01993	0	0.00000	340175	0.04501
Acidobacteria	57723	P	670	0.00010	732	0.00011	862	0.00009	1097	0.00010	793	0.00007	604	0.00006	493	0.00005	890	0.00009	1745	0.00020	721	0.00008	901	0.00009	677	0.00012	1372	0.00015	2177	0.00022	1105	0.00019	1141	0.00012	1081	0.00010	2313	0.00020	808	0.00007	4632	0.00037	4191	0.00039	1834	0.00033	3776	0.00039	2285	0.00027	3549	0.00038	1393	0.00020	1739	0.00015	555	0.00007	2855	0.00028	3063	0.00028	4237	0.00045	0	0.00000	533	0.00007
Spirochaetes	203691	P	5980	0.00093	5440	0.00081	13226	0.00134	15289	0.00139	1568	0.00014	1420	0.00014	1313	0.00014	1537	0.00015	6048	0.00070	12797	0.00138	6111	0.00059	1037	0.00019	2028	0.00022	9239	0.00095	1973	0.00034	7285	0.00074	8552	0.00079	6044	0.00052	1732	0.00015	10138	0.00081	3297	0.00031	1675	0.00030	6634	0.00069	4974	0.00058	4550	0.00048	6078	0.00087	2590	0.00022	1513	0.00020	5038	0.00050	5135	0.00047	2923	0.00031	0	0.00000	7335	0.00097
Nitrospirae	40117	P	184	0.00003	837	0.00012	1006	0.00010	1253	0.00011	936	0.00008	342	0.00003	298	0.00003	371	0.00004	546	0.00006	472	0.00005	825	0.00008	353	0.00006	994	0.00011	670	0.00007	542	0.00009	498	0.00005	713	0.00007	2723	0.00024	720	0.00006	4019	0.00032	1380	0.00013	467	0.00008	3403	0.00035	2469	0.00029	3022	0.00032	1117	0.00016	446	0.00004	745	0.00010	592	0.00006	2604	0.00024	889	0.00009	0	0.00000	584	0.00008
Candidatus Aminicenantes	67817	P	79	0.00001	58	0.00001	156	0.00002	142	0.00001	147	0.00001	130	0.00001	152	0.00002	145	0.00001	122	0.00001	100	0.00001	145	0.00001	68	0.00001	171	0.00002	318	0.00003	186	0.00003	243	0.00002	232	0.00002	415	0.00004	89	0.00001	472	0.00004	160	0.00002	126	0.00002	404	0.00004	368	0.00004	210	0.00002	544	0.00008	230	0.00002	177	0.00002	149	0.00001	204	0.00002	158	0.00002	0	0.00000	120	0.00002
Nemertea	6217	P	2920	0.00046	3040	0.00045	3801	0.00038	3991	0.00036	5787	0.00052	5014	0.00050	4871	0.00052	3568	0.00036	3457	0.00040	3363	0.00036	3092	0.00030	3194	0.00058	3775	0.00042	4486	0.00046	2379	0.00041	5544	0.00056	4878	0.00045	3773	0.00033	1436	0.00013	3515	0.00028	2729	0.00026	1686	0.00031	4072	0.00042	2211	0.00026	2371	0.00025	3650	0.00052	3270	0.00027	2885	0.00039	2820	0.00028	2712	0.00025	1760	0.00019	0	0.00000	2695	0.00036
Candidatus Omnitrophica	67812	P	97	0.00002	84	0.00001	30	0.00000	33	0.00000	91	0.00001	71	0.00001	72	0.00001	74	0.00001	34	0.00000	37	0.00000	55	0.00001	6121	0.00112	25092	0.00278	601	0.00006	18560	0.00316	795	0.00008	1206	0.00011	194	0.00002	50	0.00000	354	0.00003	109	0.00001	34145	0.00618	249	0.00003	167	0.00002	112378	0.01194	118	0.00002	47	0.00000	46	0.00001	59	0.00001	109626	0.00995	72150	0.00768	0	0.00000	41	0.00001
Candidatus Eremiobacteraeota	1154676	P	53	0.00001	49	0.00001	30	0.00000	28	0.00000	28	0.00000	17	0.00000	22	0.00000	49	0.00000	13	0.00000	37	0.00000	37	0.00000	21	0.00000	73	0.00001	58	0.00001	32	0.00001	120	0.00001	71	0.00001	94	0.00001	24	0.00000	230	0.00002	250	0.00002	109	0.00002	79	0.00001	92452	0.01080	133	0.00001	1061	0.00015	35	0.00000	32	0.00000	23	0.00000	121	0.00001	1135	0.00012	0	0.00000	29	0.00000
Basidiomycota	5204	P	15258	0.00238	16407	0.00245	16333	0.00165	20488	0.00186	38433	0.00346	36074	0.00358	36886	0.00392	18932	0.00190	15938	0.00185	13190	0.00142	14614	0.00142	14251	0.00260	26142	0.00289	27179	0.00281	17022	0.00290	22103	0.00225	34652	0.00320	26529	0.00229	8064	0.00072	33282	0.00267	17176	0.00161	10093	0.00183	17648	0.00182	15183	0.00177	19743	0.00210	11666	0.00166	15566	0.00130	15973	0.00214	13699	0.00135	20480	0.00186	13577	0.00145	0	0.00000	18567	0.00246
Candidatus Uhrbacteria	1752732	P	0	0.00000	0	0.00000	0	0.00000	0	0.00000	0	0.00000	0	0.00000	0	0.00000	11	0.00000	0	0.00000	0	0.00000	0	0.00000	0	0.00000	0	0.00000	0	0.00000	0	0.00000	0	0.00000	0	0.00000	0	0.00000	0	0.00000	14	0.00000	0	0.00000	0	0.00000	12	0.00000	15	0.00000	10	0.00000	0	0.00000	0	0.00000	11	0.00000	0	0.00000	0	0.00000	0	0.00000	0	0.00000	0	0.00000
candidate division Zixibacteria	1379697	P	72	0.00001	73	0.00001	79	0.00001	90	0.00001	109	0.00001	67	0.00001	80	0.00001	103	0.00001	157	0.00002	54	0.00001	80	0.00001	60	0.00001	208	0.00002	317	0.00003	165	0.00003	393	0.00004	466	0.00004	276	0.00002	65	0.00001	533	0.00004	292	0.00003	152	0.00003	552	0.00006	238	0.00003	543	0.00006	80	0.00001	260	0.00002	202	0.00003	145	0.00001	285	0.00003	239	0.00003	0	0.00000	109	0.00001
Ignavibacteriae	1134404	P	173	0.00003	137	0.00002	147	0.00001	179	0.00002	310	0.00003	237	0.00002	170	0.00002	188	0.00002	190	0.00002	151	0.00002	258	0.00003	163	0.00003	350	0.00004	2894	0.00030	376	0.00006	2344	0.00024	4074	0.00038	1322	0.00011	231	0.00002	2215	0.00018	726	0.00007	265	0.00005	1478	0.00015	824	0.00010	936	0.00010	456	0.00006	593	0.00005	151	0.00002	502	0.00005	655	0.00006	319	0.00003	0	0.00000	181	0.00002
Arthropoda	6656	P	2914862	0.45477	3066328	0.45699	4795143	0.48528	5281103	0.48017	5214735	0.46891	4727758	0.46965	4476600	0.47534	4533373	0.45381	3963898	0.45987	4322719	0.46500	5618954	0.54536	2651238	0.48442	3995242	0.44211	3711779	0.38323	2625735	0.44739	4039293	0.41139	4368259	0.40321	4378947	0.37810	1343116	0.11988	3092566	0.24828	2850283	0.26794	1859475	0.33660	2461216	0.25448	1753323	0.20487	1746129	0.18547	2667481	0.37991	3475905	0.29136	3422942	0.45903	2994548	0.29438	3325692	0.30190	1402204	0.14935	27	0.15882	3987035	0.52751
Nematoda	6231	P	29389	0.00459	32641	0.00486	38583	0.00390	41828	0.00380	51166	0.00460	44134	0.00438	44221	0.00470	43438	0.00435	36852	0.00428	37569	0.00404	45918	0.00446	23117	0.00422	38958	0.00431	54721	0.00565	25406	0.00433	55377	0.00564	63347	0.00585	40882	0.00353	13066	0.00117	47248	0.00379	26398	0.00248	17348	0.00314	32925	0.00340	21463	0.00251	23078	0.00245	34067	0.00485	33994	0.00285	31431	0.00422	35129	0.00345	40164	0.00365	18904	0.00201	0	0.00000	34671	0.00459
Candidatus Marinimicrobia	62680	P	27	0.00000	20	0.00000	25	0.00000	14	0.00000	352	0.00003	276	0.00003	196	0.00002	51	0.00001	33	0.00000	17	0.00000	60	0.00001	29	0.00001	39	0.00000	22	0.00000	71	0.00001	12	0.00000	25	0.00000	150	0.00001	31	0.00000	319	0.00003	103	0.00001	35	0.00001	105	0.00001	78	0.00001	179	0.00002	133	0.00002	231	0.00002	36	0.00000	134	0.00001	179	0.00002	111	0.00001	0	0.00000	32	0.00000
Chlamydiae	204428	P	152	0.00002	156	0.00002	357	0.00004	357	0.00003	729	0.00007	745	0.00007	720	0.00008	236	0.00002	243	0.00003	687	0.00007	513	0.00005	193	0.00004	417	0.00005	2092	0.00022	282	0.00005	2383	0.00024	2286	0.00021	1149	0.00010	218	0.00002	1905	0.00015	594	0.00006	299	0.00005	1076	0.00011	1158	0.00014	670	0.00007	1383	0.00020	743	0.00006	324	0.00004	1357	0.00013	1001	0.00009	973	0.00010	0	0.00000	231	0.00003
Candidatus Moranbacteria	1752737	P	12	0.00000	15	0.00000	14	0.00000	16	0.00000	47	0.00000	32	0.00000	41	0.00000	52	0.00001	14	0.00000	14	0.00000	34	0.00000	14	0.00000	32	0.00000	40	0.00000	21	0.00000	102	0.00001	30	0.00000	194	0.00002	16	0.00000	169	0.00001	55	0.00001	19	0.00000	72	0.00001	82	0.00001	47	0.00000	101	0.00001	45	0.00000	23	0.00000	22	0.00000	96	0.00001	44	0.00000	0	0.00000	25	0.00000
Tenericutes	544448	P	1647	0.00026	1937	0.00029	2567	0.00026	3598	0.00033	2922	0.00026	2405	0.00024	2387	0.00025	2070	0.00021	3292	0.00038	2265	0.00024	3292	0.00032	1991	0.00036	6499	0.00072	304321	0.03142	3908	0.00067	404751	0.04122	387657	0.03578	16830	0.00145	7040	0.00063	26084	0.00209	12001	0.00113	7447	0.00135	62377	0.00645	15805	0.00185	20354	0.00216	210569	0.02999	15644	0.00131	16293	0.00218	169809	0.01669	94860	0.00861	23989	0.00256	0	0.00000	4343	0.00057
Xenacoelomorpha	1312402	P	12	0.00000	0	0.00000	171	0.00002	157	0.00001	54	0.00000	65	0.00001	89	0.00001	149	0.00001	124	0.00001	167	0.00002	105	0.00001	206	0.00004	34	0.00000	198	0.00002	18	0.00000	10	0.00000	0	0.00000	0	0.00000	0	0.00000	0	0.00000	0	0.00000	0	0.00000	0	0.00000	0	0.00000	0	0.00000	0	0.00000	17	0.00000	50	0.00001	125	0.00001	24	0.00000	52	0.00001	0	0.00000	12	0.00000
Fibrobacteres	65842	P	18	0.00000	22	0.00000	27	0.00000	31	0.00000	32	0.00000	26	0.00000	32	0.00000	35	0.00000	29	0.00000	26	0.00000	33	0.00000	16	0.00000	45	0.00000	117	0.00001	70	0.00001	52	0.00001	133	0.00001	127	0.00001	25	0.00000	213	0.00002	99	0.00001	46	0.00001	105	0.00001	155	0.00002	219	0.00002	36	0.00001	48	0.00000	26	0.00000	40	0.00000	252	0.00002	325	0.00003	0	0.00000	13	0.00000
Euryarchaeota	28890	P	8563	0.00134	11103	0.00165	12884	0.00130	20253	0.00184	18451	0.00166	13707	0.00136	14833	0.00158	10997	0.00110	11586	0.00134	9726	0.00105	21786	0.00211	14804	0.00270	23369	0.00259	51640	0.00533	13685	0.00233	38335	0.00390	43721	0.00404	17360	0.00150	3155	0.00028	28905	0.00232	13557	0.00127	8528	0.00154	20981	0.00217	13704	0.00160	15456	0.00164	53793	0.00766	13795	0.00116	13912	0.00187	16879	0.00166	26006	0.00236	17183	0.00183	0	0.00000	10915	0.00144
Verrucomicrobia	74201	P	293	0.00005	270	0.00004	391	0.00004	557	0.00005	733	0.00007	439	0.00004	419	0.00004	656	0.00007	566	0.00007	453	0.00005	480	0.00005	514	0.00009	4290	0.00047	2522	0.00026	912	0.00016	2281	0.00023	1580	0.00015	3059	0.00026	824	0.00007	5182	0.00042	4010	0.00038	2489	0.00045	3161	0.00033	2730	0.00032	3342	0.00035	2683	0.00038	1552	0.00013	496	0.00007	1152	0.00011	6348	0.00058	6239	0.00066	0	0.00000	1057	0.00014
Parabasalia	5719	P	208	0.00003	228	0.00003	270	0.00003	279	0.00003	481	0.00004	402	0.00004	422	0.00004	327	0.00003	414	0.00005	439	0.00005	421	0.00004	261	0.00005	435	0.00005	731	0.00008	261	0.00004	694	0.00007	538	0.00005	529	0.00005	158	0.00001	664	0.00005	329	0.00003	198	0.00004	474	0.00005	291	0.00003	418	0.00004	729	0.00010	405	0.00003	223	0.00003	871	0.00009	905	0.00008	338	0.00004	0	0.00000	361	0.00005
Candidatus Cloacimonetes	456828	P	15	0.00000	0	0.00000	0	0.00000	0	0.00000	31	0.00000	19	0.00000	15	0.00000	12	0.00000	11	0.00000	0	0.00000	16	0.00000	0	0.00000	20	0.00000	53	0.00001	31	0.00001	82	0.00001	58	0.00001	96	0.00001	14181	0.00127	156	0.00001	55	0.00001	25	0.00000	59	0.00001	110	0.00001	100	0.00001	38	0.00001	45	0.00000	0	0.00000	0	0.00000	94	0.00001	13	0.00000	0	0.00000	0	0.00000
Chaetognatha	10229	P	0	0.00000	0	0.00000	0	0.00000	0	0.00000	0	0.00000	0	0.00000	0	0.00000	0	0.00000	25	0.00000	0	0.00000	0	0.00000	45	0.00001	0	0.00000	0	0.00000	0	0.00000	0	0.00000	248	0.00002	0	0.00000	0	0.00000	0	0.00000	0	0.00000	0	0.00000	0	0.00000	0	0.00000	0	0.00000	0	0.00000	0	0.00000	0	0.00000	0	0.00000	0	0.00000	0	0.00000	0	0.00000	0	0.00000
Candidatus Woesearchaeota	1801616	P	0	0.00000	0	0.00000	0	0.00000	0	0.00000	21	0.00000	18	0.00000	20	0.00000	17	0.00000	17	0.00000	0	0.00000	28	0.00000	13	0.00000	12	0.00000	36	0.00000	0	0.00000	44	0.00000	25	0.00000	18	0.00000	30	0.00000	41	0.00000	11	0.00000	0	0.00000	18	0.00000	0	0.00000	11	0.00000	57	0.00001	13	0.00000	44	0.00001	66	0.00001	16	0.00000	65	0.00001	0	0.00000	0	0.00000
Discosea	555280	P	1349	0.00021	171	0.00003	135	0.00001	194	0.00002	228	0.00002	111	0.00001	165	0.00002	419	0.00004	511	0.00006	185	0.00002	129	0.00001	88	0.00002	44258	0.00490	866	0.00009	27720	0.00472	8732	0.00089	424	0.00004	259	0.00002	171	0.00002	636	0.00005	278	0.00003	152	0.00003	655	0.00007	318	0.00004	319	0.00003	280	0.00004	375	0.00003	188	0.00003	177	0.00002	212	0.00002	428	0.00005	0	0.00000	1429	0.00019
Chlorobi	1090	P	105	0.00002	113	0.00002	129	0.00001	161	0.00001	236	0.00002	188	0.00002	160	0.00002	235	0.00002	534	0.00006	113	0.00001	158	0.00002	102	0.00002	283	0.00003	1244	0.00013	566	0.00010	826	0.00008	1341	0.00012	638	0.00006	222	0.00002	1796	0.00014	776	0.00007	272	0.00005	913	0.00009	938	0.00011	1081	0.00011	755	0.00011	358	0.00003	455	0.00006	318	0.00003	674	0.00006	700	0.00007	0	0.00000	85	0.00001
Brachiopoda	7568	P	858	0.00013	851	0.00013	787	0.00008	791	0.00007	883	0.00008	764	0.00008	806	0.00009	851	0.00009	804	0.00009	790	0.00008	645	0.00006	504	0.00009	922	0.00010	670	0.00007	850	0.00014	1198	0.00012	724	0.00007	906	0.00008	297	0.00003	800	0.00006	644	0.00006	415	0.00008	384	0.00004	458	0.00005	374	0.00004	894	0.00013	904	0.00008	589	0.00008	543	0.00005	570	0.00005	291	0.00003	0	0.00000	567	0.00008
Kitrinoviricota	2732406	P	194	0.00003	207	0.00003	363	0.00004	390	0.00004	220	0.00002	200	0.00002	198	0.00002	297	0.00003	368	0.00004	208	0.00002	201	0.00002	184	0.00003	337	0.00004	464	0.00005	222	0.00004	390	0.00004	321	0.00003	358	0.00003	133	0.00001	301	0.00002	260	0.00002	155	0.00003	270	0.00003	278	0.00003	300	0.00003	207	0.00003	256	0.00002	326	0.00004	346	0.00003	351	0.00003	185	0.00002	0	0.00000	599	0.00008
Negarnaviricota	2497569	P	281	0.00004	289	0.00004	285	0.00003	298	0.00003	402	0.00004	328	0.00003	382	0.00004	364	0.00004	297	0.00003	386	0.00004	345	0.00003	299	0.00005	640	0.00007	468	0.00005	474	0.00008	461	0.00005	429	0.00004	472	0.00004	200	0.00002	403	0.00003	277	0.00003	185	0.00003	449	0.00005	405	0.00005	448	0.00005	303	0.00004	3782	0.00032	220	0.00003	306	0.00003	394	0.00004	230	0.00002	0	0.00000	193	0.00003
Candidatus Korarchaeota	51967	P	0	0.00000	0	0.00000	0	0.00000	0	0.00000	20	0.00000	0	0.00000	0	0.00000	30	0.00000	0	0.00000	0	0.00000	0	0.00000	0	0.00000	16	0.00000	0	0.00000	19	0.00000	0	0.00000	0	0.00000	13	0.00000	0	0.00000	14	0.00000	10	0.00000	0	0.00000	0	0.00000	16	0.00000	0	0.00000	0	0.00000	0	0.00000	0	0.00000	0	0.00000	72	0.00001	38	0.00000	0	0.00000	0	0.00000
Candidatus Beckwithbacteria	1752726	P	0	0.00000	0	0.00000	0	0.00000	0	0.00000	0	0.00000	0	0.00000	0	0.00000	22	0.00000	0	0.00000	0	0.00000	0	0.00000	0	0.00000	0	0.00000	0	0.00000	0	0.00000	0	0.00000	0	0.00000	28	0.00000	0	0.00000	0	0.00000	0	0.00000	0	0.00000	0	0.00000	0	0.00000	28	0.00000	0	0.00000	0	0.00000	0	0.00000	0	0.00000	20	0.00000	0	0.00000	0	0.00000	0	0.00000
Candidatus Bathyarchaeota	928852	P	261	0.00004	281	0.00004	108	0.00001	113	0.00001	152	0.00001	143	0.00001	113	0.00001	171	0.00002	112	0.00001	109	0.00001	193	0.00002	116	0.00002	254	0.00003	253	0.00003	175	0.00003	273	0.00003	288	0.00003	243	0.00002	132	0.00001	394	0.00003	192	0.00002	94	0.00002	165	0.00002	221	0.00003	152	0.00002	141	0.00002	161	0.00001	79	0.00001	113	0.00001	181	0.00002	109	0.00001	0	0.00000	84	0.00001
Echinodermata	7586	P	16304	0.00254	17310	0.00258	24427	0.00247	26170	0.00238	34793	0.00313	31126	0.00309	34166	0.00363	31489	0.00315	18642	0.00216	26934	0.00290	21947	0.00213	13968	0.00255	29248	0.00324	19101	0.00197	19095	0.00325	23433	0.00239	25417	0.00235	20425	0.00176	6247	0.00056	17965	0.00144	13691	0.00129	8245	0.00149	13171	0.00136	11068	0.00129	11785	0.00125	12002	0.00171	17848	0.00150	16313	0.00219	17707	0.00174	17391	0.00158	7838	0.00083	0	0.00000	16835	0.00223
Tubulinea	555369	P	0	0.00000	0	0.00000	0	0.00000	0	0.00000	0	0.00000	0	0.00000	0	0.00000	0	0.00000	0	0.00000	0	0.00000	0	0.00000	0	0.00000	0	0.00000	0	0.00000	0	0.00000	0	0.00000	0	0.00000	0	0.00000	0	0.00000	0	0.00000	0	0.00000	0	0.00000	0	0.00000	0	0.00000	69	0.00001	0	0.00000	0	0.00000	0	0.00000	0	0.00000	0	0.00000	0	0.00000	0	0.00000	0	0.00000
Lentisphaerae	256845	P	85	0.00001	74	0.00001	96	0.00001	88	0.00001	97	0.00001	82	0.00001	69	0.00001	92	0.00001	47	0.00001	49	0.00001	73	0.00001	53	0.00001	6771	0.00075	873	0.00009	4473	0.00076	963	0.00010	1048	0.00010	601	0.00005	380	0.00003	928	0.00007	512	0.00005	275	0.00005	703	0.00007	317	0.00004	573	0.00006	174	0.00002	198	0.00002	64	0.00001	71	0.00001	330	0.00003	336	0.00004	0	0.00000	38	0.00001
candidate division WWE3	422282	P	0	0.00000	0	0.00000	0	0.00000	0	0.00000	15	0.00000	0	0.00000	10	0.00000	0	0.00000	0	0.00000	0	0.00000	0	0.00000	0	0.00000	0	0.00000	21	0.00000	0	0.00000	67	0.00001	32	0.00000	51	0.00000	13	0.00000	0	0.00000	0	0.00000	0	0.00000	0	0.00000	0	0.00000	0	0.00000	142	0.00002	11	0.00000	12	0.00000	39	0.00000	0	0.00000	0	0.00000	0	0.00000	0	0.00000
Candidatus Hydrogenedentes	142187	P	1256	0.00020	1284	0.00019	0	0.00000	12	0.00000	0	0.00000	0	0.00000	0	0.00000	0	0.00000	0	0.00000	0	0.00000	0	0.00000	11	0.00000	28	0.00000	0	0.00000	0	0.00000	0	0.00000	0	0.00000	78	0.00001	19	0.00000	211	0.00002	46	0.00000	21	0.00000	240366	0.02485	23	0.00000	46	0.00000	0	0.00000	55089	0.00462	31	0.00000	44	0.00000	34	0.00000	34	0.00000	0	0.00000	0	0.00000
Candidatus Lokiarchaeota	1655434	P	93	0.00001	112	0.00002	147	0.00001	139	0.00001	146	0.00001	177	0.00002	167	0.00002	104	0.00001	156	0.00002	264	0.00003	284	0.00003	144	0.00003	220	0.00002	3074	0.00032	143	0.00002	2284	0.00023	2947	0.00027	329	0.00003	104	0.00001	501	0.00004	260	0.00002	117	0.00002	206	0.00002	225	0.00003	438	0.00005	656	0.00009	450	0.00004	426	0.00006	491	0.00005	597	0.00005	386	0.00004	0	0.00000	107	0.00001
Perkinsozoa	2497438	P	3466	0.00054	3875	0.00058	2077	0.00021	2330	0.00021	2905	0.00026	2290	0.00023	2189	0.00023	3377	0.00034	2087	0.00024	1969	0.00021	1212	0.00012	1748	0.00032	2722	0.00030	556	0.00006	2902	0.00049	1517	0.00015	1525	0.00014	2929	0.00025	394	0.00004	2563	0.00021	2000	0.00019	2280	0.00041	16028	0.00166	172	0.00002	2570	0.00027	410	0.00006	1900	0.00016	2222	0.00030	974	0.00010	2351	0.00021	283	0.00003	0	0.00000	2754	0.00036
Synergistetes	508458	P	37	0.00001	35	0.00001	56	0.00001	72	0.00001	81	0.00001	81	0.00001	93	0.00001	67	0.00001	66	0.00001	84	0.00001	60	0.00001	29	0.00001	131	0.00001	319	0.00003	153	0.00003	181	0.00002	202	0.00002	268	0.00002	93	0.00001	543	0.00004	300	0.00003	159	0.00003	343	0.00004	323	0.00004	390	0.00004	571	0.00008	99	0.00001	70	0.00001	132	0.00001	242	0.00002	244	0.00003	0	0.00000	68	0.00001
Chytridiomycota	4761	P	327	0.00005	710	0.00011	1667	0.00017	1577	0.00014	417	0.00004	399	0.00004	351	0.00004	386	0.00004	411	0.00005	963	0.00010	516	0.00005	412	0.00008	550	0.00006	6354	0.00066	375	0.00006	9529	0.00097	11905	0.00110	724	0.00006	176	0.00002	1966	0.00016	288	0.00003	136	0.00002	806	0.00008	449	0.00005	326	0.00003	294	0.00004	286	0.00002	277	0.00004	537	0.00005	461	0.00004	309	0.00003	0	0.00000	543	0.00007
Candidatus Thermoplasmatota	2283796	P	242	0.00004	170	0.00003	360	0.00004	405	0.00004	433	0.00004	340	0.00003	12947	0.00137	10593	0.00106	421	0.00005	510	0.00005	526	0.00005	286	0.00005	540	0.00006	2126	0.00022	391	0.00007	3792	0.00039	4102	0.00038	775	0.00007	557	0.00005	1087	0.00009	521	0.00005	253	0.00005	975	0.00010	578	0.00007	798	0.00008	20598	0.00293	746	0.00006	305	0.00004	986	0.00010	11825	0.00107	362	0.00004	0	0.00000	8269	0.00109
Elusimicrobia	74152	P	82	0.00001	106	0.00002	25	0.00000	57	0.00001	75	0.00001	42	0.00000	63	0.00001	58	0.00001	31	0.00000	19	0.00000	82	0.00001	29	0.00001	58	0.00001	169	0.00002	49	0.00001	241	0.00002	197	0.00002	118	0.00001	37	0.00000	366	0.00003	189	0.00002	91	0.00002	570	0.00006	260	0.00003	329	0.00003	491	0.00007	66	0.00001	38	0.00001	50	0.00000	303	0.00003	178	0.00002	0	0.00000	59	0.00001
Proteobacteria	1224	P	94226	0.01470	88787	0.01323	140541	0.01422	164996	0.01500	312749	0.02812	382880	0.03803	179637	0.01907	217494	0.02177	313110	0.03633	143491	0.01544	135613	0.01316	125613	0.02295	793941	0.08786	1029905	0.10633	529799	0.09027	653512	0.06656	939356	0.08671	2135785	0.18441	8364450	0.74659	4236911	0.34015	4162194	0.39127	1256513	0.22745	2926794	0.30261	2563578	0.29955	4214190	0.44761	756415	0.10773	4034302	0.33816	305531	0.04097	2917632	0.28681	1914559	0.17380	4008252	0.42693	38	0.22353	126711	0.01676
Coprothermobacterota	2138240	P	0	0.00000	0	0.00000	0	0.00000	0	0.00000	0	0.00000	0	0.00000	0	0.00000	0	0.00000	0	0.00000	0	0.00000	0	0.00000	0	0.00000	0	0.00000	49	0.00001	0	0.00000	45	0.00000	142	0.00001	17	0.00000	0	0.00000	10	0.00000	0	0.00000	0	0.00000	0	0.00000	0	0.00000	0	0.00000	33	0.00000	0	0.00000	0	0.00000	0	0.00000	0	0.00000	0	0.00000	0	0.00000	13	0.00000
Fornicata	207245	P	25	0.00000	2241	0.00033	54	0.00001	49	0.00000	50	0.00000	979	0.00010	27	0.00000	37	0.00000	46	0.00001	89	0.00001	48	0.00000	47	0.00001	43	0.00000	12	0.00000	383	0.00007	117212	0.01194	14	0.00000	67	0.00001	16	0.00000	43	0.00000	53	0.00000	25	0.00000	45	0.00000	38	0.00000	26	0.00000	65	0.00001	37	0.00000	49	0.00001	2254	0.00022	91	0.00001	56	0.00001	0	0.00000	24	0.00000
Abditibacteriota	2109258	P	17	0.00000	12	0.00000	24	0.00000	18	0.00000	21	0.00000	22	0.00000	30	0.00000	20	0.00000	29	0.00000	31	0.00000	31	0.00000	20	0.00000	53	0.00001	30	0.00000	65	0.00001	19	0.00000	0	0.00000	69	0.00001	17	0.00000	222	0.00002	92	0.00001	53	0.00001	123	0.00001	166	0.00002	117	0.00001	42	0.00001	37	0.00000	28	0.00000	150	0.00001	93	0.00001	85	0.00001	0	0.00000	13	0.00000
Mollusca	6447	P	80352	0.01254	84368	0.01257	119010	0.01204	131133	0.01192	136675	0.01229	115795	0.01150	115090	0.01222	125301	0.01254	299854	0.03479	112640	0.01212	117432	0.01140	68829	0.01258	122723	0.01358	119715	0.01236	79859	0.01361	130379	0.01328	142786	0.01318	117064	0.01011	38490	0.00344	96735	0.00777	74155	0.00697	47660	0.00863	80072	0.00828	57393	0.00671	58179	0.00618	80874	0.01152	95625	0.00802	92035	0.01234	86540	0.00851	100245	0.00910	44054	0.00469	0	0.00000	89378	0.01183
Candidatus Sungbacteria	1817917	P	0	0.00000	0	0.00000	0	0.00000	10	0.00000	0	0.00000	0	0.00000	0	0.00000	0	0.00000	0	0.00000	0	0.00000	0	0.00000	0	0.00000	13	0.00000	10	0.00000	13	0.00000	29	0.00000	10	0.00000	10	0.00000	63	0.00001	27	0.00000	0	0.00000	0	0.00000	0	0.00000	0	0.00000	0	0.00000	0	0.00000	0	0.00000	0	0.00000	0	0.00000	0	0.00000	0	0.00000	0	0.00000	0	0.00000
Mucoromycota	1913637	P	6583	0.00103	5701	0.00085	27209	0.00275	30401	0.00276	8086	0.00073	5992	0.00060	6582	0.00070	5324	0.00053	6033	0.00070	11116	0.00120	12934	0.00126	3618	0.00066	8424	0.00093	14204	0.00147	5167	0.00088	19253	0.00196	15680	0.00145	8396	0.00072	2248	0.00020	15016	0.00121	4673	0.00044	2615	0.00047	26919	0.00278	6256	0.00073	6086	0.00065	7468	0.00106	5767	0.00048	4336	0.00058	11230	0.00110	7554	0.00069	3898	0.00042	0	0.00000	5725	0.00076
Preaxostyla	2662611	P	0	0.00000	0	0.00000	0	0.00000	0	0.00000	0	0.00000	0	0.00000	0	0.00000	11873	0.00119	0	0.00000	0	0.00000	0	0.00000	0	0.00000	0	0.00000	0	0.00000	0	0.00000	0	0.00000	0	0.00000	856	0.00007	0	0.00000	1137	0.00009	10358	0.00097	8089	0.00146	0	0.00000	0	0.00000	0	0.00000	0	0.00000	0	0.00000	0	0.00000	0	0.00000	0	0.00000	0	0.00000	0	0.00000	0	0.00000
Thermodesulfobacteria	200940	P	35	0.00001	38	0.00001	113	0.00001	113	0.00001	86	0.00001	57	0.00001	55	0.00001	106	0.00001	4341	0.00050	123	0.00001	115	0.00001	32	0.00001	113	0.00001	5016	0.00052	179	0.00003	1153	0.00012	1185	0.00011	242	0.00002	46	0.00000	736	0.00006	238	0.00002	87	0.00002	192	0.00002	202	0.00002	195	0.00002	191	0.00003	138	0.00001	106	0.00001	222	0.00002	240	0.00002	159	0.00002	0	0.00000	95	0.00001
Candidatus Diapherotrites	743725	P	0	0.00000	0	0.00000	20	0.00000	14	0.00000	104	0.00001	62	0.00001	74	0.00001	25	0.00000	54	0.00001	0	0.00000	27	0.00000	12	0.00000	23	0.00000	23	0.00000	16	0.00000	21	0.00000	29	0.00000	47	0.00000	0	0.00000	50	0.00000	0	0.00000	0	0.00000	20	0.00000	46	0.00001	12	0.00000	18	0.00000	283	0.00002	0	0.00000	38	0.00000	41	0.00000	10	0.00000	0	0.00000	15	0.00000
Cossaviricota	2732415	P	31	0.00000	46	0.00001	111	0.00001	110	0.00001	70	0.00001	56	0.00001	52	0.00001	92	0.00001	75	0.00001	61	0.00001	71	0.00001	42	0.00001	72	0.00001	41	0.00000	54	0.00001	80	0.00001	90	0.00001	282	0.00002	56	0.00000	204	0.00002	213	0.00002	40	0.00001	227	0.00002	68	0.00001	138	0.00001	49	0.00001	66	0.00001	44	0.00001	43	0.00000	62	0.00001	37	0.00000	0	0.00000	63	0.00001
Ctenophora	10197	P	0	0.00000	0	0.00000	0	0.00000	0	0.00000	0	0.00000	0	0.00000	69	0.00001	73	0.00001	34	0.00000	0	0.00000	100	0.00001	609	0.00011	63	0.00001	364	0.00004	0	0.00000	314	0.00003	755	0.00007	174	0.00002	0	0.00000	490	0.00004	0	0.00000	29	0.00001	242	0.00003	610	0.00007	346	0.00004	992	0.00014	0	0.00000	133	0.00002	0	0.00000	0	0.00000	0	0.00000	0	0.00000	0	0.00000
Candidatus Campbellbacteria	1752727	P	0	0.00000	0	0.00000	0	0.00000	0	0.00000	19	0.00000	12	0.00000	11	0.00000	0	0.00000	0	0.00000	22	0.00000	15	0.00000	10	0.00000	0	0.00000	30	0.00000	14	0.00000	16	0.00000	12	0.00000	42	0.00000	0	0.00000	28	0.00000	16	0.00000	0	0.00000	0	0.00000	0	0.00000	0	0.00000	61	0.00001	10	0.00000	0	0.00000	0	0.00000	30	0.00000	13	0.00000	0	0.00000	19	0.00000
Ciliophora	5878	P	2057	0.00032	4226	0.00063	4181	0.00042	4489	0.00041	3883	0.00035	3393	0.00034	3350	0.00036	3964	0.00040	3621	0.00042	4827	0.00052	5327	0.00052	1767	0.00032	2566	0.00028	10210	0.00105	1868	0.00032	6796	0.00069	8705	0.00080	3002	0.00026	1456	0.00013	3949	0.00032	2535	0.00024	1782	0.00032	5739	0.00059	9607	0.00112	2711	0.00029	10729	0.00153	3047	0.00026	1516	0.00020	7449	0.00073	4946	0.00045	4721	0.00050	0	0.00000	2116	0.00028
Kinorhyncha	51516	P	0	0.00000	0	0.00000	0	0.00000	0	0.00000	0	0.00000	37	0.00000	0	0.00000	0	0.00000	0	0.00000	0	0.00000	0	0.00000	0	0.00000	0	0.00000	0	0.00000	0	0.00000	0	0.00000	0	0.00000	0	0.00000	0	0.00000	0	0.00000	0	0.00000	0	0.00000	0	0.00000	0	0.00000	0	0.00000	0	0.00000	0	0.00000	0	0.00000	40	0.00000	0	0.00000	0	0.00000	0	0.00000	0	0.00000
Candidatus Parcubacteria	221216	P	0	0.00000	0	0.00000	0	0.00000	0	0.00000	0	0.00000	0	0.00000	0	0.00000	0	0.00000	0	0.00000	0	0.00000	0	0.00000	0	0.00000	0	0.00000	27	0.00000	0	0.00000	0	0.00000	36	0.00000	0	0.00000	0	0.00000	10	0.00000	0	0.00000	0	0.00000	0	0.00000	0	0.00000	18	0.00000	13	0.00000	0	0.00000	0	0.00000	10	0.00000	0	0.00000	0	0.00000	0	0.00000	0	0.00000
Uroviricota	2731618	P	4315	0.00067	4497	0.00067	47113	0.00477	57083	0.00519	8188	0.00074	6349	0.00063	6838	0.00073	7278	0.00073	8839	0.00103	40648	0.00437	18858	0.00183	4917	0.00090	9355	0.00104	24700	0.00255	6940	0.00118	22841	0.00233	32045	0.00296	31772	0.00274	8612	0.00077	35661	0.00286	14871	0.00140	5879	0.00106	20812	0.00215	49489	0.00578	20599	0.00219	23883	0.00340	18731	0.00157	6671	0.00089	21731	0.00214	23188	0.00210	26634	0.00284	0	0.00000	5145	0.00068
Nematomorpha	33310	P	0	0.00000	0	0.00000	0	0.00000	0	0.00000	0	0.00000	0	0.00000	0	0.00000	0	0.00000	0	0.00000	0	0.00000	0	0.00000	0	0.00000	0	0.00000	0	0.00000	0	0.00000	0	0.00000	0	0.00000	0	0.00000	0	0.00000	0	0.00000	14	0.00000	0	0.00000	0	0.00000	0	0.00000	0	0.00000	0	0.00000	0	0.00000	0	0.00000	0	0.00000	0	0.00000	0	0.00000	0	0.00000	0	0.00000
Candidatus Melainabacteria	1798710	P	56	0.00001	64	0.00001	51	0.00001	58	0.00001	182	0.00002	106	0.00001	136	0.00001	84	0.00001	149	0.00002	51	0.00001	42	0.00000	122	0.00002	101	0.00001	479	0.00005	63	0.00001	242	0.00002	161	0.00001	316	0.00003	57	0.00001	338	0.00003	188	0.00002	65	0.00001	205	0.00002	181	0.00002	218	0.00002	96	0.00001	115	0.00001	58	0.00001	146	0.00001	148	0.00001	111	0.00001	0	0.00000	30	0.00000
Candidatus Dadabacteria	1752716	P	0	0.00000	0	0.00000	0	0.00000	0	0.00000	0	0.00000	0	0.00000	0	0.00000	0	0.00000	0	0.00000	0	0.00000	0	0.00000	0	0.00000	10	0.00000	0	0.00000	0	0.00000	11	0.00000	0	0.00000	0	0.00000	0	0.00000	19	0.00000	0	0.00000	10	0.00000	27	0.00000	14	0.00000	11	0.00000	0	0.00000	228	0.00002	0	0.00000	0	0.00000	54	0.00000	15	0.00000	0	0.00000	0	0.00000
Tardigrada	42241	P	195	0.00003	57	0.00001	0	0.00000	34	0.00000	31	0.00000	45	0.00000	40	0.00000	55	0.00001	188	0.00002	0	0.00000	0	0.00000	0	0.00000	57	0.00001	0	0.00000	25	0.00000	332	0.00003	67	0.00001	0	0.00000	49	0.00000	68	0.00001	40	0.00000	92	0.00002	0	0.00000	21	0.00000	0	0.00000	0	0.00000	0	0.00000	122	0.00002	40	0.00000	0	0.00000	0	0.00000	0	0.00000	0	0.00000
Candidatus Peregrinibacteria	1619053	P	14	0.00000	18	0.00000	11	0.00000	24	0.00000	26	0.00000	14	0.00000	34	0.00000	64	0.00001	20	0.00000	28	0.00000	28	0.00000	16	0.00000	53	0.00001	27	0.00000	68	0.00001	42	0.00000	31	0.00000	93	0.00001	24	0.00000	138	0.00001	65	0.00001	62	0.00001	79	0.00001	49	0.00001	80	0.00001	35	0.00000	32	0.00000	39	0.00001	14	0.00000	61	0.00001	61	0.00001	0	0.00000	33	0.00000
Cressdnaviricota	2732416	P	66	0.00001	63	0.00001	47	0.00000	48	0.00000	50	0.00000	48	0.00000	53	0.00001	77	0.00001	63	0.00001	62	0.00001	74	0.00001	40	0.00001	106	0.00001	180	0.00002	91	0.00002	121	0.00001	230	0.00002	54	0.00000	21	0.00000	93	0.00001	58	0.00001	35	0.00001	31	0.00000	34	0.00000	45	0.00000	58	0.00001	37	0.00000	52	0.00001	720	0.00007	774	0.00007	55	0.00001	0	0.00000	76	0.00001
Aquificae	200783	P	105	0.00002	101	0.00002	110	0.00001	106	0.00001	192	0.00002	749	0.00007	782	0.00008	467	0.00005	174	0.00002	135	0.00001	138	0.00001	92	0.00002	164	0.00002	695	0.00007	205	0.00003	422	0.00004	487	0.00004	604	0.00005	98	0.00001	749	0.00006	292	0.00003	104	0.00002	530	0.00005	362	0.00004	296	0.00003	828	0.00012	202	0.00002	131	0.00002	261	0.00003	413	0.00004	202	0.00002	0	0.00000	112	0.00001
Priapulida	33467	P	609	0.00010	568	0.00008	338	0.00003	397	0.00004	618	0.00006	485	0.00005	543	0.00006	775	0.00008	447	0.00005	436	0.00005	296	0.00003	532	0.00010	544	0.00006	292	0.00003	320	0.00005	189	0.00002	137	0.00001	911	0.00008	268	0.00002	375	0.00003	754	0.00007	437	0.00008	232	0.00002	439	0.00005	324	0.00003	361	0.00005	801	0.00007	783	0.00011	342	0.00003	546	0.00005	267	0.00003	0	0.00000	364	0.00005
Ascomycota	4890	P	78803	0.01229	80382	0.01198	126121	0.01276	143556	0.01305	100894	0.00907	87294	0.00867	90322	0.00959	127995	0.01281	92979	0.01079	151971	0.01635	131484	0.01276	58464	0.01068	110691	0.01225	127413	0.01315	68248	0.01163	119448	0.01217	144444	0.01333	118418	0.01022	42824	0.00382	107232	0.00861	85615	0.00805	58319	0.01056	124054	0.01283	70760	0.00827	74361	0.00790	185318	0.02639	98097	0.00822	66558	0.00893	85662	0.00842	116752	0.01060	88709	0.00945	0	0.00000	99451	0.01316
Actinobacteria	201174	P	30524	0.00476	31988	0.00477	33301	0.00337	45430	0.00413	66620	0.00599	54839	0.00545	54697	0.00581	37490	0.00375	33629	0.00390	31411	0.00338	29864	0.00290	45331	0.00828	80414	0.00890	319147	0.03295	48338	0.00824	135509	0.01380	139610	0.01289	234141	0.02022	95567	0.00853	796870	0.06397	465533	0.04376	345258	0.06250	720220	0.07447	388557	0.04540	771435	0.08194	247284	0.03522	146273	0.01226	43904	0.00589	484414	0.04762	935598	0.08493	1524240	0.16235	66	0.38824	34701	0.00459
Candidatus Daviesbacteria	1752718	P	0	0.00000	0	0.00000	0	0.00000	0	0.00000	0	0.00000	0	0.00000	0	0.00000	12	0.00000	0	0.00000	0	0.00000	0	0.00000	0	0.00000	0	0.00000	68	0.00001	0	0.00000	80	0.00001	48	0.00000	28	0.00000	0	0.00000	0	0.00000	12	0.00000	0	0.00000	13	0.00000	12	0.00000	0	0.00000	0	0.00000	0	0.00000	0	0.00000	0	0.00000	0	0.00000	0	0.00000	0	0.00000	0	0.00000
Candidatus Absconditabacteria	221235	P	18	0.00000	47	0.00001	29	0.00000	20	0.00000	27	0.00000	34	0.00000	35	0.00000	20	0.00000	17	0.00000	15	0.00000	105	0.00001	19	0.00000	144	0.00002	485	0.00005	38	0.00001	386	0.00004	906	0.00008	317	0.00003	938	0.00008	481	0.00004	250	0.00002	93	0.00002	1519	0.00016	351	0.00004	396	0.00004	325	0.00005	33	0.00000	37	0.00000	148	0.00001	157	0.00001	39	0.00000	0	0.00000	15	0.00000
Candidatus Kaiserbacteria	1752734	P	0	0.00000	0	0.00000	13	0.00000	0	0.00000	12	0.00000	0	0.00000	0	0.00000	16	0.00000	12	0.00000	15	0.00000	0	0.00000	0	0.00000	21	0.00000	15	0.00000	0	0.00000	42	0.00000	46	0.00000	211	0.00002	37	0.00000	63	0.00001	112	0.00001	112	0.00002	39	0.00000	73	0.00001	47	0.00000	106	0.00002	50	0.00000	0	0.00000	29	0.00000	38	0.00000	97	0.00001	0	0.00000	0	0.00000
Dividoviricota	2732009	P	0	0.00000	0	0.00000	0	0.00000	0	0.00000	0	0.00000	0	0.00000	0	0.00000	0	0.00000	0	0.00000	0	0.00000	0	0.00000	753	0.00014	0	0.00000	0	0.00000	0	0.00000	0	0.00000	0	0.00000	0	0.00000	0	0.00000	0	0.00000	800	0.00008	0	0.00000	0	0.00000	0	0.00000	0	0.00000	0	0.00000	0	0.00000	0	0.00000	0	0.00000	0	0.00000	0	0.00000	0	0.00000	0	0.00000
Preplasmiviricota	2732008	P	11	0.00000	13	0.00000	1148	0.00012	20	0.00000	1356	0.00012	1267	0.00013	1129	0.00012	1033	0.00010	1253	0.00015	16	0.00000	26	0.00000	22	0.00000	49	0.00001	997	0.00010	916	0.00016	1294	0.00013	1391	0.00013	56	0.00000	346	0.00003	59	0.00000	32	0.00000	345	0.00006	636	0.00007	588	0.00007	737	0.00008	93	0.00001	28	0.00000	32	0.00000	206	0.00002	119	0.00001	36	0.00000	0	0.00000	300	0.00004
Bacillariophyta	2836	P	3108	0.00048	1933	0.00029	2641	0.00027	11053	0.00100	3686	0.00033	1474	0.00015	1890	0.00020	2118	0.00021	1836	0.00021	1602	0.00017	3779	0.00037	2378	0.00043	3891	0.00043	11083	0.00114	2098	0.00036	9805	0.00100	10569	0.00098	2493	0.00022	862	0.00008	6170	0.00050	1345	0.00013	1247	0.00023	8497	0.00088	3884	0.00045	3419	0.00036	2521	0.00036	2381	0.00020	1076	0.00014	4850	0.00048	3709	0.00034	3126	0.00033	0	0.00000	2050	0.00027
Candidatus Nanohaloarchaeota	1462430	P	0	0.00000	0	0.00000	0	0.00000	0	0.00000	11867	0.00107	0	0.00000	0	0.00000	0	0.00000	12	0.00000	0	0.00000	0	0.00000	0	0.00000	0	0.00000	0	0.00000	0	0.00000	0	0.00000	16918	0.00156	128	0.00001	0	0.00000	0	0.00000	0	0.00000	0	0.00000	0	0.00000	0	0.00000	0	0.00000	0	0.00000	0	0.00000	0	0.00000	0	0.00000	0	0.00000	0	0.00000	0	0.00000	0	0.00000
Onychophora	27563	P	0	0.00000	11	0.00000	23	0.00000	0	0.00000	32	0.00000	30	0.00000	58	0.00001	0	0.00000	17	0.00000	0	0.00000	57	0.00001	0	0.00000	0	0.00000	20	0.00000	0	0.00000	41	0.00000	87	0.00001	34	0.00000	12	0.00000	21	0.00000	30	0.00000	0	0.00000	0	0.00000	0	0.00000	0	0.00000	0	0.00000	0	0.00000	16	0.00000	0	0.00000	0	0.00000	0	0.00000	0	0.00000	10	0.00000
Rhodophyta	2763	P	772	0.00012	744	0.00011	1090	0.00011	1209	0.00011	1224	0.00011	1108	0.00011	958	0.00010	2814	0.00028	908	0.00011	920	0.00010	1565	0.00015	4050	0.00074	1326	0.00015	6805	0.00070	1277	0.00022	6792	0.00069	6997	0.00065	1682	0.00015	659	0.00006	2608	0.00021	1471	0.00014	571	0.00010	7395	0.00076	1347	0.00016	62208	0.00661	5029	0.00072	1938	0.00016	1338	0.00018	2771	0.00027	3273	0.00030	1165	0.00012	0	0.00000	883	0.00012
Candidatus Heimdallarchaeota	1936272	P	95	0.00001	93	0.00001	125	0.00001	140	0.00001	158	0.00001	157	0.00002	115	0.00001	139	0.00001	174	0.00002	120	0.00001	161	0.00002	103	0.00002	175	0.00002	996	0.00010	135	0.00002	1117	0.00011	1491	0.00014	276	0.00002	161	0.00001	177	0.00001	147	0.00001	68	0.00001	433	0.00004	178	0.00002	159	0.00002	593	0.00008	193	0.00002	111	0.00001	145	0.00001	216	0.00002	110	0.00001	0	0.00000	68	0.00001
Rotifera	10190	P	2030	0.00032	2096	0.00031	2539	0.00026	2896	0.00026	3240	0.00029	2786	0.00028	2702	0.00029	3618	0.00036	2678	0.00031	3193	0.00034	4176	0.00041	1478	0.00027	2370	0.00026	5817	0.00060	1496	0.00025	5326	0.00054	6826	0.00063	2823	0.00024	815	0.00007	2984	0.00024	1739	0.00016	1184	0.00021	3082	0.00032	1587	0.00019	1869	0.00020	4810	0.00069	2195	0.00018	2260	0.00030	2948	0.00029	3619	0.00033	1601	0.00017	0	0.00000	2887	0.00038
Nitrospinae	1293497	P	20	0.00000	19	0.00000	27	0.00000	37	0.00000	53	0.00000	46	0.00000	39	0.00000	44	0.00000	73	0.00001	34	0.00000	26	0.00000	22	0.00000	69	0.00001	55	0.00001	148	0.00003	33	0.00000	73	0.00001	135	0.00001	27	0.00000	220	0.00002	104	0.00001	50	0.00001	94	0.00001	119	0.00001	139	0.00001	63	0.00001	61	0.00001	53	0.00001	22	0.00000	142	0.00001	134	0.00001	0	0.00000	29	0.00000
Candidatus Nomurabacteria	1752729	P	0	0.00000	0	0.00000	0	0.00000	0	0.00000	0	0.00000	10	0.00000	11	0.00000	0	0.00000	0	0.00000	0	0.00000	0	0.00000	0	0.00000	10	0.00000	217	0.00002	0	0.00000	17	0.00000	16	0.00000	28	0.00000	14	0.00000	53	0.00000	35	0.00000	0	0.00000	23	0.00000	27	0.00000	22	0.00000	203	0.00003	0	0.00000	0	0.00000	0	0.00000	53	0.00000	16	0.00000	0	0.00000	0	0.00000
Candidatus Micrarchaeota	1801631	P	12	0.00000	15	0.00000	313	0.00003	415	0.00004	19	0.00000	11	0.00000	33	0.00000	22	0.00000	19	0.00000	70	0.00001	29	0.00000	0	0.00000	49	0.00001	319	0.00003	26	0.00000	764	0.00008	418	0.00004	92	0.00001	0	0.00000	34	0.00000	28	0.00000	22	0.00000	70	0.00001	25	0.00000	29	0.00000	0	0.00000	13	0.00000	61	0.00001	345	0.00003	136	0.00001	48	0.00001	0	0.00000	14	0.00000
Chloroflexi	200795	P	576	0.00009	668	0.00010	738	0.00007	1181	0.00011	1157	0.00010	682	0.00007	716	0.00008	956	0.00010	674	0.00008	940	0.00010	941	0.00009	707	0.00013	1110	0.00012	2001	0.00021	1161	0.00020	1375	0.00014	2112	0.00019	2572	0.00022	1018	0.00009	7057	0.00057	3567	0.00034	1866	0.00034	4137	0.00043	3288	0.00038	5305	0.00056	1629	0.00023	1622	0.00014	785	0.00011	1515	0.00015	3311	0.00030	3449	0.00037	0	0.00000	900	0.00012
Planctomycetes	203682	P	2797	0.00044	2683	0.00040	2948	0.00030	5501	0.00050	4339	0.00039	3468	0.00034	2746	0.00029	5119	0.00051	4302	0.00050	4168	0.00045	4341	0.00042	8957	0.00164	6650	0.00074	10288	0.00106	4358	0.00074	10544	0.00107	10572	0.00098	13833	0.00119	7548	0.00067	32432	0.00260	23879	0.00224	16307	0.00295	32323	0.00334	16022	0.00187	29928	0.00318	9213	0.00131	8554	0.00072	3604	0.00048	7536	0.00074	34369	0.00312	28237	0.00301	0	0.00000	2649	0.00035
Chordata	7711	P	2655332	0.41428	2780350	0.41437	3811258	0.38571	4257377	0.38709	4371408	0.39308	3933843	0.39078	3727483	0.39580	4146815	0.41512	3182776	0.36925	3726992	0.40091	3395727	0.32958	1983774	0.36246	2787126	0.30842	1579786	0.16311	1784082	0.30398	1848852	0.18830	1918582	0.17709	2756335	0.23800	878896	0.07845	1556142	0.12493	1949438	0.18326	1425986	0.25813	1114399	0.11522	981602	0.11470	963305	0.10232	1365583	0.19449	2605644	0.21841	2808342	0.37661	1624772	0.15972	1952126	0.17721	860668	0.09167	39	0.22941	2555795	0.33815
Zoopagomycota	1913638	P	60	0.00001	63	0.00001	101	0.00001	60	0.00001	105	0.00001	85	0.00001	96	0.00001	107	0.00001	51	0.00001	57	0.00001	288	0.00003	46	0.00001	7669	0.00085	8114	0.00084	65	0.00001	49	0.00000	5679	0.00052	140	0.00001	28	0.00000	114	0.00001	87	0.00001	3124	0.00057	99	0.00001	48	0.00001	105	0.00001	105	0.00001	3758	0.00032	90	0.00001	5827	0.00057	135	0.00001	61	0.00001	0	0.00000	4647	0.00061
Candidatus Nealsonbacteria	1817911	P	0	0.00000	0	0.00000	0	0.00000	0	0.00000	10	0.00000	0	0.00000	0	0.00000	0	0.00000	11	0.00000	0	0.00000	0	0.00000	0	0.00000	10	0.00000	0	0.00000	0	0.00000	0	0.00000	0	0.00000	10	0.00000	0	0.00000	11	0.00000	0	0.00000	0	0.00000	0	0.00000	0	0.00000	16	0.00000	0	0.00000	0	0.00000	0	0.00000	0	0.00000	23	0.00000	17	0.00000	0	0.00000	0	0.00000
Artverviricota	2732409	P	2709	0.00042	2752	0.00041	471	0.00005	523	0.00005	464	0.00004	371	0.00004	375	0.00004	486	0.00005	369	0.00004	1457	0.00016	1866	0.00018	1223	0.00022	861	0.00010	4698	0.00049	544	0.00009	722	0.00007	5040	0.00047	791	0.00007	1239	0.00011	875	0.00007	1898	0.00018	907	0.00016	2774	0.00029	626	0.00007	2306	0.00024	3187	0.00045	1989	0.00017	716	0.00010	853	0.00008	675	0.00006	1109	0.00012	0	0.00000	1378	0.00018
Heterolobosea	5752	P	687	0.00011	642	0.00010	2661	0.00027	3246	0.00030	1009	0.00009	1006	0.00010	842	0.00009	1044	0.00010	1293	0.00015	679	0.00007	806	0.00008	508	0.00009	1002	0.00011	1884	0.00019	643	0.00011	2089	0.00021	1555	0.00014	1471	0.00013	403	0.00004	2064	0.00017	775	0.00007	417	0.00008	794	0.00008	644	0.00008	629	0.00007	1361	0.00019	910	0.00008	653	0.00009	1220	0.00012	1519	0.00014	496	0.00005	0	0.00000	643	0.00009
Candidatus Gracilibacteria	363464	P	14	0.00000	13	0.00000	25	0.00000	20	0.00000	26	0.00000	43	0.00000	38	0.00000	23	0.00000	35	0.00000	33	0.00000	45	0.00000	19	0.00000	75	0.00001	1160	0.00012	16	0.00000	677	0.00007	357	0.00003	110	0.00001	19	0.00000	79	0.00001	51	0.00000	34	0.00001	148	0.00002	103	0.00001	130	0.00001	87	0.00001	169	0.00001	83	0.00001	907	0.00009	471	0.00004	183	0.00002	0	0.00000	0	0.00000
Sipuncula	6433	P	0	0.00000	0	0.00000	0	0.00000	0	0.00000	0	0.00000	0	0.00000	0	0.00000	0	0.00000	0	0.00000	0	0.00000	0	0.00000	0	0.00000	0	0.00000	0	0.00000	0	0.00000	0	0.00000	0	0.00000	0	0.00000	0	0.00000	171	0.00001	0	0.00000	0	0.00000	0	0.00000	0	0.00000	0	0.00000	0	0.00000	0	0.00000	609	0.00008	0	0.00000	0	0.00000	0	0.00000	0	0.00000	0	0.00000
Microsporidia	6029	P	137	0.00002	113	0.00002	230	0.00002	269	0.00002	307	0.00003	262	0.00003	268	0.00003	301	0.00003	1278	0.00015	203	0.00002	279	0.00003	226	0.00004	286	0.00003	704	0.00007	199	0.00003	731	0.00007	660	0.00006	573	0.00005	136	0.00001	873	0.00007	208	0.00002	223	0.00004	169	0.00002	291	0.00003	266	0.00003	579	0.00008	241	0.00002	194	0.00003	169	0.00002	357	0.00003	276	0.00003	0	0.00000	581	0.00008
Candidatus Aenigmarchaeota	743724	P	31	0.00000	29	0.00000	0	0.00000	26	0.00000	30	0.00000	23	0.00000	25	0.00000	19	0.00000	26	0.00000	24	0.00000	19	0.00000	0	0.00000	14	0.00000	35	0.00000	0	0.00000	33	0.00000	19	0.00000	23	0.00000	0	0.00000	11	0.00000	22	0.00000	0	0.00000	0	0.00000	13	0.00000	23	0.00000	0	0.00000	10	0.00000	15	0.00000	16	0.00000	27	0.00000	11	0.00000	0	0.00000	61	0.00001
Bacteroidetes	976	P	19662	0.00307	20409	0.00304	21601	0.00219	23629	0.00215	45340	0.00408	23148	0.00230	30629	0.00325	26818	0.00268	26807	0.00311	22038	0.00237	57290	0.00556	39110	0.00715	211112	0.02336	574870	0.05935	95573	0.01628	211284	0.02152	576284	0.05319	544971	0.04706	87291	0.00779	955857	0.07674	274952	0.02585	73157	0.01324	499526	0.05165	1609378	0.18805	462069	0.04908	212255	0.03023	92332	0.00774	47834	0.00641	93178	0.00916	192068	0.01744	118215	0.01259	0	0.00000	22244	0.00294
Nanoarchaeota	192989	P	0	0.00000	13	0.00000	84	0.00001	70	0.00001	19	0.00000	30	0.00000	24	0.00000	16	0.00000	23	0.00000	38	0.00000	35	0.00000	12	0.00000	0	0.00000	253	0.00003	12	0.00000	197	0.00002	199	0.00002	26	0.00000	15	0.00000	70	0.00001	18	0.00000	19	0.00000	37	0.00000	37	0.00000	81	0.00001	49	0.00001	44	0.00000	64	0.00001	110	0.00001	61	0.00001	31	0.00000	0	0.00000	0	0.00000
candidate division NC10	640293	P	555	0.00009	594	0.00009	0	0.00000	10	0.00000	13	0.00000	0	0.00000	0	0.00000	12	0.00000	0	0.00000	0	0.00000	0	0.00000	25	0.00000	295	0.00003	0	0.00000	279	0.00005	30	0.00000	0	0.00000	54	0.00000	12	0.00000	54	0.00000	37	0.00000	12	0.00000	20	0.00000	26	0.00000	41	0.00000	10	0.00000	0	0.00000	0	0.00000	0	0.00000	27	0.00000	39	0.00000	0	0.00000	0	0.00000
Candidatus Giovannonibacteria	1752738	P	0	0.00000	0	0.00000	0	0.00000	0	0.00000	0	0.00000	0	0.00000	0	0.00000	0	0.00000	0	0.00000	0	0.00000	0	0.00000	0	0.00000	0	0.00000	0	0.00000	0	0.00000	0	0.00000	0	0.00000	30	0.00000	0	0.00000	12	0.00000	17	0.00000	0	0.00000	0	0.00000	0	0.00000	0	0.00000	0	0.00000	0	0.00000	0	0.00000	15	0.00000	16	0.00000	0	0.00000	0	0.00000	0	0.00000
Thermotogae	200918	P	725	0.00011	215	0.00003	349	0.00004	366	0.00003	523	0.00005	592	0.00006	456	0.00005	426	0.00004	381	0.00004	636	0.00007	428	0.00004	797	0.00015	434	0.00005	4104	0.00042	1301	0.00022	11518	0.00117	3127	0.00029	1632	0.00014	906	0.00008	3172	0.00025	2013	0.00019	944	0.00017	2358	0.00024	1262	0.00015	1485	0.00016	5963	0.00085	940	0.00008	460	0.00006	2036	0.00020	2000	0.00018	2020	0.00022	0	0.00000	289	0.00004
Candidatus Bipolaricaulota	67810	P	0	0.00000	0	0.00000	21	0.00000	59	0.00001	23	0.00000	27	0.00000	34	0.00000	16	0.00000	27	0.00000	16	0.00000	26	0.00000	18	0.00000	85	0.00001	56	0.00001	31	0.00001	41	0.00000	12	0.00000	125	0.00001	83	0.00001	325	0.00003	93	0.00001	56	0.00001	217	0.00002	68	0.00001	288	0.00003	60	0.00001	21	0.00000	20	0.00000	231	0.00002	223	0.00002	229	0.00002	0	0.00000	17	0.00000
candidate division WOR-3	1703755	P	58	0.00001	64	0.00001	100	0.00001	65	0.00001	118	0.00001	95	0.00001	113	0.00001	62	0.00001	78	0.00001	100	0.00001	42	0.00000	80	0.00001	84	0.00001	105	0.00001	99	0.00002	69	0.00001	247	0.00002	415	0.00004	72	0.00001	309	0.00002	118	0.00001	66	0.00001	147	0.00002	243	0.00003	165	0.00002	208	0.00003	123	0.00001	34	0.00000	145	0.00001	147	0.00001	232	0.00002	0	0.00000	90	0.00001
Candidatus Wolfebacteria	1752735	P	0	0.00000	0	0.00000	0	0.00000	0	0.00000	16	0.00000	15	0.00000	22	0.00000	25	0.00000	0	0.00000	0	0.00000	10	0.00000	0	0.00000	0	0.00000	0	0.00000	0	0.00000	26	0.00000	63	0.00001	0	0.00000	0	0.00000	0	0.00000	0	0.00000	0	0.00000	0	0.00000	0	0.00000	0	0.00000	0	0.00000	0	0.00000	0	0.00000	0	0.00000	0	0.00000	15	0.00000	0	0.00000	0	0.00000
Candidatus Kapabacteria	1662329	P	10	0.00000	18	0.00000	0	0.00000	12	0.00000	23	0.00000	33	0.00000	15	0.00000	0	0.00000	0	0.00000	0	0.00000	11	0.00000	0	0.00000	25	0.00000	24	0.00000	0	0.00000	0	0.00000	17	0.00000	170	0.00001	38	0.00000	428	0.00003	80	0.00001	24	0.00000	116	0.00001	49	0.00001	76	0.00001	62	0.00001	36	0.00000	11	0.00000	22	0.00000	124	0.00001	95	0.00001	0	0.00000	12	0.00000
