Genome	119_S24_L002_R1_001.fastq.gz.reads.filtered_1.fastq.gz Relative Abundance (%)	119_S24_L002_R1_001.fastq.gz.reads.filtered_1.fastq.gz RPKM	120_S25_L002_R1_001.fastq.gz.reads.filtered_1.fastq.gz Relative Abundance (%)	120_S25_L002_R1_001.fastq.gz.reads.filtered_1.fastq.gz RPKM	140_S26_L002_R1_001.fastq.gz.reads.filtered_1.fastq.gz Relative Abundance (%)	140_S26_L002_R1_001.fastq.gz.reads.filtered_1.fastq.gz RPKM	147_S27_L002_R1_001.fastq.gz.reads.filtered_1.fastq.gz Relative Abundance (%)	147_S27_L002_R1_001.fastq.gz.reads.filtered_1.fastq.gz RPKM	177_S28_L002_R1_001.fastq.gz.reads.filtered_1.fastq.gz Relative Abundance (%)	177_S28_L002_R1_001.fastq.gz.reads.filtered_1.fastq.gz RPKM	178_S29_L002_R1_001.fastq.gz.reads.filtered_1.fastq.gz Relative Abundance (%)	178_S29_L002_R1_001.fastq.gz.reads.filtered_1.fastq.gz RPKM	179_S31_L002_R1_001.fastq.gz.reads.filtered_1.fastq.gz Relative Abundance (%)	179_S31_L002_R1_001.fastq.gz.reads.filtered_1.fastq.gz RPKM	209_S30_L002_R1_001.fastq.gz.reads.filtered_1.fastq.gz Relative Abundance (%)	209_S30_L002_R1_001.fastq.gz.reads.filtered_1.fastq.gz RPKM	214_S32_L002_R1_001.fastq.gz.reads.filtered_1.fastq.gz Relative Abundance (%)	214_S32_L002_R1_001.fastq.gz.reads.filtered_1.fastq.gz RPKM	82_S21_L002_R1_001.fastq.gz.reads.filtered_1.fastq.gz Relative Abundance (%)	82_S21_L002_R1_001.fastq.gz.reads.filtered_1.fastq.gz RPKM	88_S22_L002_R1_001.fastq.gz.reads.filtered_1.fastq.gz Relative Abundance (%)	88_S22_L002_R1_001.fastq.gz.reads.filtered_1.fastq.gz RPKM	99_S23_L002_R1_001.fastq.gz.reads.filtered_1.fastq.gz Relative Abundance (%)	99_S23_L002_R1_001.fastq.gz.reads.filtered_1.fastq.gz RPKM	BLB_S18_L002_R1_001.fastq.gz.reads.filtered_1.fastq.gz Relative Abundance (%)	BLB_S18_L002_R1_001.fastq.gz.reads.filtered_1.fastq.gz RPKM	BLB_WG4_S19_L002_R1_001.fastq.gz.reads.filtered_1.fastq.gz Relative Abundance (%)	BLB_WG4_S19_L002_R1_001.fastq.gz.reads.filtered_1.fastq.gz RPKM	BLR_S17_L002_R1_001.fastq.gz.reads.filtered_1.fastq.gz Relative Abundance (%)	BLR_S17_L002_R1_001.fastq.gz.reads.filtered_1.fastq.gz RPKM	BLR_WG4_S20_L002_R1_001.fastq.gz.reads.filtered_1.fastq.gz Relative Abundance (%)	BLR_WG4_S20_L002_R1_001.fastq.gz.reads.filtered_1.fastq.gz RPKM	BLS_S16_L002_R1_001.fastq.gz.reads.filtered_1.fastq.gz Relative Abundance (%)	BLS_S16_L002_R1_001.fastq.gz.reads.filtered_1.fastq.gz RPKM	DC06_S1_L002_R1_001.fastq.gz.reads.filtered_1.fastq.gz Relative Abundance (%)	DC06_S1_L002_R1_001.fastq.gz.reads.filtered_1.fastq.gz RPKM	DC10_S2_L002_R1_001.fastq.gz.reads.filtered_1.fastq.gz Relative Abundance (%)	DC10_S2_L002_R1_001.fastq.gz.reads.filtered_1.fastq.gz RPKM	DC11_S3_L002_R1_001.fastq.gz.reads.filtered_1.fastq.gz Relative Abundance (%)	DC11_S3_L002_R1_001.fastq.gz.reads.filtered_1.fastq.gz RPKM	DC17_S4_L002_R1_001.fastq.gz.reads.filtered_1.fastq.gz Relative Abundance (%)	DC17_S4_L002_R1_001.fastq.gz.reads.filtered_1.fastq.gz RPKM	DM13_S9_L002_R1_001.fastq.gz.reads.filtered_1.fastq.gz Relative Abundance (%)	DM13_S9_L002_R1_001.fastq.gz.reads.filtered_1.fastq.gz RPKM	DM14_S10_L002_R1_001.fastq.gz.reads.filtered_1.fastq.gz Relative Abundance (%)	DM14_S10_L002_R1_001.fastq.gz.reads.filtered_1.fastq.gz RPKM	DM15_S11_L002_R1_001.fastq.gz.reads.filtered_1.fastq.gz Relative Abundance (%)	DM15_S11_L002_R1_001.fastq.gz.reads.filtered_1.fastq.gz RPKM	DM16_S12_L002_R1_001.fastq.gz.reads.filtered_1.fastq.gz Relative Abundance (%)	DM16_S12_L002_R1_001.fastq.gz.reads.filtered_1.fastq.gz RPKM	GG01_S14_L002_R1_001.fastq.gz.reads.filtered_1.fastq.gz Relative Abundance (%)	GG01_S14_L002_R1_001.fastq.gz.reads.filtered_1.fastq.gz RPKM	GH01_S13_L002_R1_001.fastq.gz.reads.filtered_1.fastq.gz Relative Abundance (%)	GH01_S13_L002_R1_001.fastq.gz.reads.filtered_1.fastq.gz RPKM	GN13_S5_L002_R1_001.fastq.gz.reads.filtered_1.fastq.gz Relative Abundance (%)	GN13_S5_L002_R1_001.fastq.gz.reads.filtered_1.fastq.gz RPKM	GN15_S6_L002_R1_001.fastq.gz.reads.filtered_1.fastq.gz Relative Abundance (%)	GN15_S6_L002_R1_001.fastq.gz.reads.filtered_1.fastq.gz RPKM	GN18_S7_L002_R1_001.fastq.gz.reads.filtered_1.fastq.gz Relative Abundance (%)	GN18_S7_L002_R1_001.fastq.gz.reads.filtered_1.fastq.gz RPKM	GN19_S8_L002_R1_001.fastq.gz.reads.filtered_1.fastq.gz Relative Abundance (%)	GN19_S8_L002_R1_001.fastq.gz.reads.filtered_1.fastq.gz RPKM	NEG_S33_L002_R1_001.fastq.gz.reads.filtered_1.fastq.gz Relative Abundance (%)	NEG_S33_L002_R1_001.fastq.gz.reads.filtered_1.fastq.gz RPKM	OC01_S15_L002_R1_001.fastq.gz.reads.filtered_1.fastq.gz Relative Abundance (%)	OC01_S15_L002_R1_001.fastq.gz.reads.filtered_1.fastq.gz RPKM
unmapped	99.885	NA	99.89738	NA	99.666466	NA	99.67889	NA	99.64912	NA	99.69722	NA	99.47275	NA	99.470665	NA	99.850296	NA	99.64399	NA	99.06956	NA	99.89948	NA	93.151405	NA	69.50383	NA	88.75389	NA	93.70353	NA	79.19026	NA	77.58297	NA	76.93753	NA	49.424015	NA	80.623795	NA	86.42844	NA	77.00369	NA	54.695164	NA	66.321655	NA	86.77214	NA	97.786026	NA	98.36626	NA	90.66952	NA	82.43019	NA	57.605022	NA	94.82758	NA	99.79389	NA
Tuerk_Half_DAS_TuerkHalves_bin.79	0	0	0	0	0	0	0	0	0	0	0	0	0	0	0	0	0	0	0	0	0	0	0	0	0.0000142089875	0.0009908486	0.000010916886	0.00022656133	0.000015133122	0.000540615	0.0000063971847	0.0004442204	0.000002093855	0.00005898758	0.00018046802	0.0025509004	0.00030741133	0.0037986077	0.00027706468	0.0021581985	0.0007213864	0.011188496	0.037694126	0.7310424	0.06640761	0.7786486	0.09671473	0.5371455	0.32480493	2.6669176	0.000010677874	0.0005570543	0.000021189879	0.00429983	0.0000029082908	0.0010904169	0	0	0.000023895505	0.0007614385	0.000029843528	0.0003449063	0	0	0	0
old_originals_METABAT__361-contigs	0	0	0	0	0	0	0	0	0	0	0.000008942018	0.0030085647	0	0	0	0	0	0	0	0	0	0	0	0	0.0006788923	0.032822732	0.00020669999	0.005401119	0.03716552	0.93100923	0.00042213872	0.039866474	0.00020903908	0.005109873	0.00006165686	0.0011898652	1.4615357	16.947697	0.0030745154	0.020312395	0.00013930617	0.0021311447	0.00005172713	0.001335446	0.000041279647	0.00072328566	0.00016845757	0.001404272	0.00009571802	0.0011593847	0.00005945804	0.0023162651	0.010643575	1.7174969	0.0007926477	0.17380407	0.337394	12.970938	0.0010894975	0.026144367	0.000076019336	0.0006931682	0	0	0	0
Tuerk_Half_DAS_TuerkHalves_bin.431	0	0	0	0	0	0	0	0	0	0	0	0	0	0	0	0	0	0	0	0	0	0	0	0	0	0	0.0000024474066	0.0000433646	0	0	0.000010861585	0.0006376896	0	0	0.0001674204	0.0023473601	0.00018884423	0.0022152797	0.23974854	1.5286361	0.00039396266	0.005510332	0.000028739365	0.00067061564	0.00008714159	0.0010543165	0.0009769691	0.0055951807	0.0001474961	0.0013277082	0	0	0	0	0	0	0.0000099767885	0.00043028078	0	0	0	0	0	0	0	0
old_originals_METABAT__216-contigs_cleaned	0	0	0	0	0	0	0	0	0.0000022644413	0.0022400077	0	0	0	0	0	0	0	0	0.000010825713	0.0026025942	0.0000068043187	0.0029131793	0.000026466143	0.028198479	0.00024898385	0.013821768	0.0001824227	0.0036419847	0.0001048273	0.002753161	0.00024379209	0.015491547	0.000025692565	0.00050937885	0.23719299	2.9501145	0.43013272	4.885892	0.19794701	1.2509876	0.44815204	5.9566793	1.471353	28.00741	1.2363522	14.304017	0.94908464	5.2109833	1.6632407	13.496352	0.0018454861	0.07252547	0.0025566185	0.3941553	0.00006248976	0.013037731	0.0016348059	0.06480807	0.002795978	0.065063216	0.0065643485	0.059682336	0	0	0.00017812486	0.0983894
Tuerk_Half_DAS_TuerkHalves_bin.95	0	0	0	0	0	0	0	0	0	0	0	0	0	0	0	0	0	0	0	0	0	0	0	0	0.0017979954	0.08676402	0.0043742387	0.07893058	0.0010782793	0.02691005	0.008548167	0.5103668	0.0012633762	0.023335949	0.0011554745	0.014689374	0.00004378227	0.0005568524	0.0055540022	0.035964705	0.0004211379	0.0056782286	0.0034122316	0.06629089	0.00279091	0.032911588	0.007019208	0.039138976	0.0010937984	0.009123984	0.00009175464	0.003593071	0.0006618839	0.09875146	0.0041182823	0.8542296	0.01286807	0.49364752	0.0741173	1.6372874	0.97230375	8.39401	0	0	0.000121780155	0.064335875
old_originals_METABAT__164-contigs	0	0	0	0	0	0	0	0	0	0	0	0	0	0	0	0	0	0	0	0	0	0	0.000016923077	0.018874643	0.00001070489	0.00052866264	0.0009275806	0.016923303	0	0	0.0000032718003	0.00019750975	0	0	0.00028567426	0.003620665	0.00004440007	0.0005277941	1.2051117	7.7547817	0.000008550391	0.00011636586	0	0	2.120511	24.998533	0.0001961942	0.001122498	0.000026483385	0.00021770856	0.0000067627575	0.00024767808	0.000019478628	0.0028676928	0	0	0	0	0	0	0	0	0	0	0.00003775524	0.021952307
crabs_bin.205	0.0060955975	27.732252	0.0067781527	33.401375	0.005671703	7.3702946	0.006991505	9.312726	0.0027517225	7.9687347	0.01620328	23.54289	0.002118987	4.7975397	0.0064060204	5.6347923	0.007413757	24.370844	0.008562481	9.720289	0.003356538	6.4178166	0.005729434	28.586039	0.0015282851	0.31049013	0.0069748014	0.1895418	0.001985572	0.2261068	0.001331641	0.29647458	0.003768688	0.20639984	0.002896056	0.15272662	0.0009753616	0.05119588	0.0027829697	0.03757788	0.0018114964	0.10221352	1.7124168	33.41368	1.4269404	16.888113	5.1463103	28.842745	2.1618822	17.934128	0.002082986	0.21358141	0.0013683815	0.9578943	0.0019302212	1.8750824	0.00066160987	0.12223507	0.0005125994	0.052889705	0.0002881903	0.011588972	0	0	0.005718448	13.529173
Tuerk_Half_DAS_TuerkHalves_bin.360	0	0	0	0	0	0	0	0	0	0	0.000019403114	0.005924461	0	0	0	0	0.000030781597	0.026001003	0	0	0	0	0	0	0	0	0.000013082716	0.00024734592	0	0	0.000005122789	0.0003031081	0	0	0.000089130896	0.0011380677	0.0000049090427	0.000080997845	0	0	0	0	0	0	0.0002824133	0.0034024778	0.00031524434	0.0019039703	0.000065437875	0.00072389655	0.000007959062	0.00038009885	0.11375301	17.04322	0.009661005	2.029719	0.44335026	17.134245	2.0086133	44.76963	3.7157137	32.434414	0	0	0.0000894502	0.044918768
old_originals_METABAT__200-contigs	0.000012657374	0.012152587	0	0	0	0	0	0	0	0	0	0	0	0	0	0	0	0	0.000011740687	0.0028670898	0	0	0.00004288301	0.046596337	0.000014623658	0.0007250686	0.00086323597	0.015716864	0.00012691838	0.0032966938	0.0002662712	0.016253253	0.00056476856	0.010920761	0.0049834326	0.06465107	0.00048090282	0.0060371375	0.0038953053	0.026156127	0.0013997991	0.01972625	0.0060451548	0.123963095	0.79125386	9.349759	0.086358726	0.48672405	0.66388637	5.495857	0.005283896	0.19698864	0.0000053526833	0.00078661664	0	0	0	0	0.000004629196	0.00010130805	0	0	0	0	0	0
Tuerk_Half_DAS_TuerkHalves_bin.288	0	0	0	0	0	0	0	0	0	0	0	0	0	0	0	0	0	0	0	0	0.000002695042	0.001050058	0	0	0	0	0.00009706233	0.0017901225	0	0	0.000021417965	0.0012763295	0.0000013317905	0.000042370626	0.085200906	1.0728147	0.056874104	0.6554441	0.39105523	2.499426	0.32672685	4.383884	0.27418268	5.294974	0.17096105	2.0054297	0.04918732	0.2750442	0.012269609	0.10129365	0.0007690487	0.028809406	0.0001284938	0.02007562	0	0	0.0000047932226	0.00021530071	0.00044862376	0.010242681	0.0005243087	0.0047319354	0	0	0.000023692575	0.011821516
crabs_bin.363	0	0	0	0	0	0	0	0	0	0	0	0	0	0	0	0	0	0	0	0	0	0	0.00003391866	0.079207204	0.00006707717	0.004067298	0.0044257822	0.095536694	0.00017940551	0.004707289	0.0032832993	0.22088778	0.012701867	0.2771356	0.0062450445	0.09024914	0.004998463	0.070543975	0.012377957	0.08989502	0.009239543	0.14771917	0.00044404017	0.00882539	0.004200577	0.052037798	0.0010378106	0.006136109	0.0019058159	0.016673405	0.4816682	18.243683	0	0	0	0	0.0000143732195	0.0005592643	0	0	0	0	0	0	0	0
Tuerk_Half_DAS_TuerkHalves_bin.430_cleaned	0.0000041881144	0.057660997	0.0000075633416	0.07225942	0.000011041386	0.025558507	0.000010902958	0.032558937	0.0000039253896	0.025368212	0.000008486833	0.027634177	0.000002842464	0.015147129	0.00001607848	0.027357694	0.000008151881	0.060639806	0.000006725335	0.013603627	0.0000015919773	0.0059216265	0.0000051726856	0.073696	0.0009882728	0.049883917	0.000070528935	0.0013372726	0.000101951235	0.0029198385	0.000057398724	0.0035988232	0.000005689575	0.00010240374	0.029454311	0.36622462	0.007641782	0.08741103	0.14899248	0.9395008	0.06971512	0.92615515	0.0040718736	0.08231598	0.0028439658	0.034760945	0.0017944342	0.010457184	0.0014450408	0.0126798	0.00029234772	0.010959997	0.00010099313	0.018350475	0.000036745678	0.011357925	0.00005520215	0.0024283046	0.00061752065	0.014059932	0.0007574396	0.0067460844	0	0	0.000009645848	0.038094547
crabs_bin.352_cleaned	0	0	0	0	0.000008653566	0.002411901	0	0	0	0	0	0	0	0	0	0	0	0	0	0	0	0	0	0	0.0000049981336	0.00023807732	0.000026045876	0.00048993557	0.000050348935	0.001298969	0.00005929211	0.0040025846	0.000013059839	0.00024803294	0.6493692	8.3606205	0.01236659	0.14959969	0.37507215	2.434385	0.028865822	0.41838098	0.01047378	0.20341207	0.05073347	0.59910405	0.27817768	1.5550047	0.0155031085	0.13010255	0.00013468348	0.005437529	0.00017805921	0.026797242	0	0	0.0000023779148	0.00009002474	0	0	0.0000056451454	0.00006215457	0	0	0.000029583069	0.019771952
Birg_Half_DAS_BirgitHalves_bin.19	0	0	0	0	0	0	0	0	0	0	0	0	0	0	0	0	0	0	0	0	0	0	0	0	1.1040392	53.78922	0.000059963946	0.0011120425	0.043650746	1.1024777	0.00003807869	0.0023361316	0.00007074372	0.0013959566	0.00008871177	0.001203915	0.00022142631	0.002705175	0.00056369964	0.003783284	0.00059839885	0.008200855	0.00006694401	0.001381924	0.00019254889	0.002388599	0.00011817692	0.0006696645	0.003098313	0.025643121	0.000012737152	0.00048825316	0.00016413952	0.024968058	0.00034894605	0.076459266	0.00007941565	0.003546684	0.00059160305	0.013893933	0.00015688756	0.0014208443	0	0	0	0
Tuerk_Half_DAS_TuerkHalves_bin.354	0	0	0	0	0	0	0	0	0	0	0	0	0	0	0	0	0	0	0	0	0	0	0	0	0	0	0.000029566874	0.0005484616	0.00007109107	0.0018176741	0	0	0.00040451574	0.00785387	0.30127472	3.8234053	0.018585283	0.21612294	0.027858183	0.18020673	0.15060009	2.037594	0.0001381653	0.0028272443	0.008581211	0.101179644	0.0016748648	0.009448878	0.000043511365	0.00041157918	0.00047235997	0.017699348	0	0	0	0	0	0	0	0	0	0	0	0	0	0
crabs_bin.89	0	0	0	0	0	0	0	0	0	0	0.00008187146	0.026056523	0	0	0	0	0	0	0	0	0	0	0	0	0.000098753815	0.0047576656	0.0050702086	0.091606736	0.0018972262	0.047590043	0.0011162305	0.06709974	0.0007239582	0.013453671	0.00011398713	0.0015212384	0.000009273143	0.000118746226	0.00056608056	0.0037010072	0.012634712	0.17037077	0.00007738056	0.0015771827	0.06412182	0.7573905	0.00025545934	0.0014621096	0.039364316	0.32646072	0.00019951219	0.0075227506	0.006358446	0.95326895	0.014219079	2.9592915	4.383343	168.5188	0.010140998	0.22553048	0.000717092	0.0065554134	0	0	0	0
Tuerk_Half_DAS_TuerkHalves_bin.261	0	0	0	0	0	0	0	0	0	0	0	0	0	0	0	0	0	0	0	0	0	0	0	0	0.0000048515026	0.00022953862	0.000012845294	0.0002624244	0	0	0.000045832046	0.0028299561	0.0000034892748	0.00006832491	0.019258076	0.24256873	0.00025025164	0.002887435	0.13351107	0.85467875	0.21951024	2.9481096	0.0012174417	0.024349714	0.0006367328	0.0077235	0.0000839855	0.0005002	0.000041187	0.00047263145	0.000012288566	0.00048392412	0.00012004167	0.01805418	0.00001648207	0.003789067	0.00004101341	0.0017359195	0.0005284758	0.012828638	0.00061184994	0.005593036	0	0	0	0
old_originals_CRABS_nocov.29_cleaned	0.00023897333	1.6932867	0.00023877574	1.8662945	0.00023118527	0.4805939	0.0002573208	0.5354347	0.00007603405	0.3468217	0.00046405307	1.0507954	0.00010621475	0.3759647	0.0003403219	0.49416915	0.00028736255	1.4527647	0.00020131514	0.36822316	0.00008942885	0.251447	0.00023020842	1.863072	0.00006653031	0.022313965	0.000026337248	0.0034951896	0.00015518884	0.019332496	0.000034377234	0.01536027	0.00005717062	0.007635706	0.11519995	1.4464251	0.00009549088	0.0033152841	0.17053764	1.0833474	0.038162686	0.51218027	0.00008316857	0.009940537	0.0000959055	0.004061259	0.0005065805	0.004506185	0.0001422033	0.0044860244	0.000030764582	0.007531875	0.00006465218	0.07100408	0.0000654653	0.10441239	0.000019216064	0.0055807964	0.000011469449	0.0019025654	0.000015401107	0.0009785586	0	0	0.0004939438	1.2329949
Birg_Half_DAS_BirgitHalves_bin.72	0	0	0	0	0	0	0	0	0	0	0	0	0	0	0	0	0	0	0	0	0	0	0	0	0.000014803087	0.0007501827	0.00092043384	0.017324746	0.00056720286	0.014666787	0.00014827334	0.009248919	0.00025478285	0.00547087	0.000019851524	0.00027855512	0.000009754623	0.00011234253	0.00019988698	0.0012838544	0.00014188176	0.0019815054	0.000033891087	0.0006631685	0.00053861213	0.006694643	0.000028975031	0.00018862657	0.000057184123	0.0005406323	1.7836019	66.62945	0	0	0	0	0.000028200551	0.0011346734	0.000005958613	0.00013102128	0.00006359888	0.00058754795	0	0	0	0
crabs_bin.178	0	0	0	0	0	0	0	0	0	0	0	0	0	0	0	0	0.0000133143985	0.009151716	0	0	0	0	0.0000113463675	0.020390607	0.0000023373445	0.00019037449	0.0002159694	0.0043094554	0.000014216858	0.00034623285	0.0000925009	0.0059744506	0.000045335895	0.00085000857	0.011312782	0.14043581	0.00035259128	0.0040483144	0.13813078	0.868556	0.0014870878	0.020113932	0.008512759	0.16240257	0.3098729	3.5726025	0.04720188	0.25816765	0.6625056	5.356669	0.000076048644	0.003077066	0.01364387	1.9951237	0.0013366393	0.27445132	0.10097093	3.8131385	0.030674495	0.6688445	0.011121745	0.09605517	0	0	0.00006423971	0.031620614
crabs_bin.192	0	0	0	0	0	0	0	0	0	0	0	0	0	0	0	0	0.000033766086	0.023263307	0	0	0	0	0	0	0	0	0	0	0	0	0	0	0	0	0.00038642774	0.0053307773	0.000010740424	0.00014493885	0.001734648	0.011293407	0.0032338044	0.045057286	0.02399839	0.46693695	0.048491064	0.5734469	1.141198	6.39489	0.0019171047	0.015942797	0.0000091786005	0.00034007747	0.000022154643	0.0032812676	0	0	0	0	0.0000033667993	0.00008451864	0.000034776927	0.00033690035	0.5266036	35.615154	0	0
Birg_Half_DAS_BirgitHalves_bin.70	0	0	0	0	0	0	0	0	0	0	0	0	0	0	0	0	0	0	0	0	0	0	0	0	0.09719245	4.727242	0.17495187	3.1808193	0.4203344	10.597537	0.22833142	13.735635	0.14218262	2.6587648	0.00014061328	0.0018942113	0.00001845823	0.00025464795	0.0016688327	0.011611107	0.000118321725	0.0016843118	0	0	0.00020302672	0.0024876746	0.00007688242	0.00042756175	0.000089957815	0.00075861596	0.00005145644	0.0019916452	0.000025637939	0.0046119755	0	0	0.000045096524	0.0017146504	0.000024008346	0.00059397455	0.000038879574	0.00034528173	0	0	0	0
Tuerk_Half_DAS_TuerkHalves_bin.246	0	0	0	0	0.000011344871	0.0031439604	0	0	0.000039046703	0.03168561	0.00035896487	0.13597156	0.0000064111036	0.0040991576	0.00010708407	0.021431513	0.0003503364	0.27599493	0	0	0.0000022384834	0.001144662	0.000030573145	0.033239692	0.0000064729948	0.00031033845	0.0002834652	0.005180085	0.00024317023	0.007478439	0.000002931381	0.0001739149	0.041681536	0.783117	0.000045889094	0.00076822506	0.000085095446	0.0011618572	0.0006203619	0.0039913706	0.0006305009	0.009785369	0.011319681	0.2211197	0.59657	7.048471	1.026522	5.7539063	0.00007149459	0.000830703	0.000030626612	0.00196281	0	0	0	0	0	0	0	0	0	0	0	0	0	0
Tuerk_Half_DAS_TuerkHalves_maxbin.383_cleaned	0.0000052299206	0.009764965	0	0	0.00005246345	0.018887416	0.000011116492	0.004411118	0.0006114138	0.4064809	0.0039202315	1.3375957	0	0	0.0018908951	0.40088168	0.0035888075	2.7559412	0.000009586803	0.002303792	0	0	0.000035949673	0.049922056	0.000051074938	0.0026800255	0.0013087022	0.024245488	0.00046095104	0.011761523	0.0016355257	0.100300595	0.0011372169	0.02129623	0.0034331603	0.046757035	0.070490755	0.8673902	0.10356642	0.66765654	0.0075897602	0.10737647	0.56144947	10.747471	0.48370618	5.636576	0.59972465	3.319024	2.2743757	18.532488	0.0009056062	0.036029976	0.000488283	0.07426821	0.0005197534	0.10771485	0.0008712716	0.035336968	0.00021514835	0.0050877514	0.0003104189	0.0028189651	0	0	0.00016584434	0.091931894
old_originals_METABAT__402-contigs	0	0	0	0	0	0	0	0	0	0	0	0	0	0	0	0	0	0	0	0	0	0	0	0	0.001796982	0.08881783	0.008962701	0.17282483	0.026571786	0.6770202	0.008918282	0.55405647	0.012450999	0.24167836	0.000043742282	0.00056936743	0.00018415503	0.0022256293	0.0017105561	0.011652924	0.00073913217	0.0103397	0.000056728826	0.0012512476	0.00040774947	0.0050214445	0.00022645558	0.0015422128	0.00034176314	0.0030237185	3.2743537	122.862915	0.00044728583	0.07533904	0.00013808694	0.029206056	0.000017598193	0.0009366305	0.000011070282	0.00024720727	0.000004607396	0.00006158717	0	0	0	0
Birg_nocov.35	0	0	0	0	0	0	0.000016178665	0.004542912	0	0	0.000008685982	0.002628931	0	0	0	0	0	0	0	0	0.000002277467	0.000885255	0	0	0.0025239717	0.12264436	0.0016837936	0.030348012	0.85676867	21.406929	0.001119405	0.06738537	0.0005858151	0.010787652	0.00018073991	0.0023170966	0.00006199949	0.00071884267	0.00023174823	0.001493629	0.0003948922	0.0055074394	0.0007927227	0.015170138	0.000013109023	0.00017556066	0.000084350824	0.0004827836	0.00032793536	0.002693333	0.32698017	12.057915	0.0000280147	0.0042312043	0.000009725529	0.0019809485	0.00003528395	0.0013613249	0.00013971329	0.0031857751	0.00007862285	0.00071013253	0	0	0.016241075	8.227072
Tuerk_Half_DAS_TuerkHalves_bin.20	0	0	0	0	0	0	0	0	0	0	0	0	0	0	0	0	0	0	0	0	0	0	0	0	0.00007734838	0.004084784	0.00008119052	0.0015317625	0.00004793741	0.0011886352	0.0008108908	0.048895806	0.000008050781	0.00019454156	0.00037051778	0.005136718	0.0005617916	0.007144784	0.0011875449	0.008371838	0.004465951	0.06662455	0.0009462272	0.020365968	0.0015579229	0.020270081	0.0003907632	0.0024102184	0.0013053644	0.01204423	0.00032289702	0.012056428	0.07338614	10.939218	0.003299359	0.68777406	0.026591744	1.0217766	0.34183195	7.57781	0.1780541	1.5467778	0	0	0.000027048893	0.013569401
Tuerk_Half_DAS_TuerkHalves_nocov.84_sub	0	0	0	0	0	0	0	0	0	0	0	0	0	0	0	0	0	0	0	0	0	0	0	0	0	0	0	0	0.0000049346045	0.00017290955	0	0	0	0	0.086821795	1.0986091	0.000081890656	0.0009681564	0.3754885	2.4148195	0.016528524	0.22299786	0.00015450739	0.0030256505	0.0005226157	0.006231147	0.00007939738	0.00044623337	0.00031494597	0.0026231983	0	0	0	0	0.000010208803	0.0020925445	0	0	0.000017991191	0.00039851578	0	0	0	0	0	0
Tuerk_Half_DAS_TuerkHalves_bin.177	0	0	0	0	0	0	0	0	0	0	0	0	0	0	0	0	0	0	0.000031749747	0.007767255	0	0	0	0	0	0	0.00009501153	0.0017067404	0.00074677274	0.02000566	0.00022593724	0.013649863	0.000055597226	0.0010524492	0.0000137574825	0.0001944994	0	0	0.00076046394	0.0049711852	0.0003588381	0.004928982	0.16153993	3.152351	0.20399661	2.4111185	2.2614765	12.702711	3.2595978	27.077824	0.000831138	0.03174925	0.00002894998	0.004262058	0	0	0	0	0	0	0.00003902944	0.00034187644	0	0	0.00006510546	0.03262623
Birg_Half_DAS_BirgitHalves_bin.61	0	0	0	0	0	0	0	0	0	0	0	0	0	0	0	0	0	0	0	0	0	0	0	0	0.0054046554	0.25932214	0.12431236	2.2241938	0.00068074465	0.01707963	0.1646623	9.7834	0.012574382	0.23349722	0.0032827759	0.042821854	0.0058643315	0.071381584	0.019867428	0.12957396	0.04251982	0.5861592	0.0040133446	0.081483886	0.0044880915	0.055786554	0.001330384	0.007857838	0.004160758	0.036366288	0.0011976659	0.051244143	0.00092174025	0.14340717	0.00005628685	0.012158649	0.00009118054	0.003580941	0.0020186661	0.045098297	0.0035339454	0.031151494	0.3352924	23.23214	0	0
old_originals_METABAT__183-contigs	0	0	0	0	0	0	0	0	0	0	0	0	0	0	0	0	0	0	0	0	0	0	0.0000344315	0.03918141	0.0000016781942	0.00009145315	0.00008062782	0.0015474223	0	0	0.0000017263171	0.00010250141	0	0	0.00026720486	0.0035995536	0.000021239526	0.0002739087	0.000042164076	0.0002845671	0.00019041769	0.002777952	0.00015257222	0.0031529716	0.0010528951	0.01289752	1.8034817	10.099659	0.01834793	0.1520764	0	0	0.0000010567826	0.00024804054	0	0	0.0000053541007	0.00020748837	0	0	0	0	0	0	0	0
Birg_Half_DAS_BirgitHalves_bin.86	0	0	0	0	0	0	0	0	0	0	0	0	0	0	0	0	0	0	0	0	0	0	0	0	0.000013652501	0.0009333478	0.0002799893	0.0058333036	0.0002919305	0.0076386314	0.0005842959	0.039054535	0.00043506833	0.0089829145	0.0013148644	0.016943293	0.00015756905	0.0018636287	0.00071752176	0.004646752	0.00026743615	0.0040061306	0.00036269485	0.0071507636	0.0011662273	0.014382683	0.0005335828	0.0030247872	0.00082578516	0.006982575	1.1787269	43.98877	0	0	0.000056056146	0.013695172	0.00038101774	0.016234735	0.00012315967	0.0031515562	0.00012029846	0.0010829691	0	0	0	0
crabs_bin.266	0	0	0	0	0.000016363092	0.0044435	0	0	0	0	0	0	0	0	0	0	0	0	0	0	0	0	0	0	0.03358423	1.6344997	0.51500034	9.321152	0.8478827	21.343042	0.8625426	51.717915	0.86980724	16.163864	0.00006951521	0.00092290185	0.000027542721	0.00032842098	0.001656778	0.01132786	0.0000150408905	0.00021722671	0	0	0.0000052460573	0.000064167376	0.0000066734365	0.000036761932	0.0000055491087	0.000045156536	0.008317766	0.32195294	0.00006431942	0.009516949	0	0	0	0	0.000027743192	0.00061284204	0	0	0	0	0.000084830936	0.045532897
Tuerk_Half_DAS_TuerkHalves_bin.237	0	0	0	0	0	0	0	0	0	0	0	0	0	0	0	0	0	0	0	0	0	0	0	0	0.00017850233	0.009560379	0.0007573072	0.013708922	0.0000059686613	0.00014735085	0.00028426744	0.017071912	0.000015691996	0.00033763263	0.22677433	2.8578706	0.0030949872	0.035865318	0.15057392	0.963557	0.02902351	0.39339232	0.03366735	0.6533412	0.13704114	1.6099048	0.021392068	0.11973174	0.014441945	0.11988013	0.00007289432	0.0030745892	0.00027619445	0.042190857	0.0006151355	0.12750123	0.00006168232	0.0026959986	0.00084758934	0.018961502	0.00020653853	0.0018613621	0	0	0	0
old_originals_METABAT__59-contigs	0.000048568138	0.0691757	0.00000028175765	0.012384195	0.00009102426	0.11428731	0.00002140939	0.11457846	0.0016444762	1.109676	0.0058409674	1.9318936	0.0000058711726	0.056333065	0.0020735313	0.5251348	0.008258569	5.945606	0.000030548203	0.12512171	0.0000029931525	0.019282704	0.0000035769638	0.07367737	0.0000055307346	0.00412728	0	0	0.0000075528337	0.0011259384	0.000013167683	0.0010793739	0.000008579062	0.00016380454	0.00025259703	0.0039845696	9.706083	112.714966	0.08197267	0.53256464	0.002303815	0.032750368	0.5465314	10.618021	0.0006174266	0.0075676497	0.00081826956	0.005073526	0.004071906	0.035636097	0.0000007053034	0.00038672556	0.0000032543958	0.008582118	0.0000058766623	0.020439096	0.0000018779441	0.0011444826	0.000018442977	0.00086500763	0.0000051690636	0.000047889076	0	0	0.00013605681	0.29706228
crabs_bin.393	0	0	0	0	0	0	0	0	0	0	0	0	0	0	0	0	0	0	0	0	0	0	0	0	0	0	0.00030628176	0.005935372	0	0	0.0013907511	0.08728144	0.0009134167	0.020475693	0.00035306663	0.004658653	0.000009285102	0.00019436436	0.001632748	0.011173323	0.0002524806	0.0038567383	0	0	0.000012647993	0.00018987597	0	0	0.00024907163	0.003206916	0.47872198	17.876133	0	0	0	0	0	0	0	0	0	0	0	0	0	0
old_originals_METABAT__381-contigs	0	0	0	0	0	0	0	0	0	0	0	0	0	0	0	0	0	0	0	0	0	0	0	0	0	0	0.000023379476	0.0004435606	0.000006459499	0.00016036563	0.00017272547	0.010673497	0.00075436116	0.014435696	1.7587826	22.444992	0.005076575	0.061005775	0.3151494	2.044556	0.06682484	0.9099624	0.001381786	0.028061515	0.004865061	0.059803378	0.001981505	0.011647228	0.005204355	0.045571398	0.000012455425	0.00049572636	0	0	0	0	0	0	0	0	0	0	0	0	0	0
Tuerk_Half_DAS_TuerkHalves_bin.158_cleaned	0	0	0	0	0	0	0	0	0	0	0	0	0	0	0	0	0	0	0	0	0	0	0	0	0.00003594484	0.0018327277	0.0002788699	0.0051125344	0.0021654582	0.05483064	0.00025582837	0.015200605	0.00017294777	0.0032186462	0.00011845255	0.001542516	0.00005649443	0.00065869803	0.00030903623	0.0021100158	0.0002172967	0.0032676081	0.00013705772	0.002916267	0.0004946039	0.006273998	0.00019369254	0.0011981388	0.0012455931	0.01064177	0.000028815608	0.0011591527	0.0012224715	0.18789436	0.0010585011	0.21984151	0.016518518	0.63383025	0.18828726	4.163801	0.697624	6.0349183	0	0	0.00006094248	0.030441038
old_originals_METABAT__410-contigs	0.00001928966	0.019630505	0	0	0	0	0	0	0	0	0.00001475746	0.0051316186	0	0	0.000009527249	0.0029412126	0	0	0	0	0.000012431137	0.0051839976	0.000022892416	0.025089573	0.2877058	13.990097	7.9741473	144.83377	0.16297922	4.112384	0.106165685	6.498241	0.0990266	1.9765246	0.00031071622	0.004001049	0.00032586156	0.0039288644	2.1790028	14.062316	0.00028824733	0.004176417	0.0037573155	0.07330473	0.002830431	0.03365223	0.010805073	0.060744464	0.0044394103	0.03684954	0.0022393416	0.0874111	0.000017196382	0.0025412994	0	0	0.000009297787	0.0003543037	0.00006869617	0.0016364648	0.00001895468	0.0001630781	0.5102224	34.479343	0	0
old_originals_METABAT__307-contigs	0	0	0	0	0	0	0	0	0	0	0	0	0	0	0	0	0	0	0	0	0	0	0	0	0.000024801968	0.0014430523	0.00019597188	0.0037615374	0.0000048206707	0.0001312235	0.00029424403	0.017952967	0.000015352261	0.00034363338	0.008635346	0.110880874	0.0072654923	0.08479851	0.4199872	2.6900787	0.037700962	0.5233363	0.0013386043	0.02653397	0.0015986494	0.019717846	0.0011883446	0.006894004	0.0020723338	0.017501054	0.00057581486	0.021397585	0.00016302006	0.026614297	0.00076236704	0.1627763	0.021590613	0.8693531	0.10794512	2.4617548	0.02232105	0.19843942	0	0	0	0
old_originals_METABAT__485-contigs	0	0	0.000025665298	0.041081138	0	0	0	0	0	0	0	0	0	0	0	0	0	0	0	0	0	0	0.00007378199	0.12220212	0.0005325095	0.026925845	0.011766752	0.22393681	0.015180023	0.3840814	0.09194381	5.5799904	0.8465932	15.804912	0.004901749	0.067161754	0.00056511577	0.007176022	0.0034382672	0.023667485	0.0018299932	0.026971718	0.00071472244	0.016339138	0.00052983605	0.007677958	0.00020529029	0.0013387515	0.0007954833	0.0077054515	0.002450626	0.093969114	0	0	0	0	0	0	0.000007267084	0.00015941242	0.0000046310083	0.000039714687	0	0	0.00005601373	0.028425632
old_originals_METABAT__437-contigs	0.00083922176	2.384712	0.000819077	2.5615418	0.0044908933	3.6022048	0.0042608725	3.5652812	0.0017365138	3.1230605	0.0037186416	3.3600075	0.0013809187	1.963824	0.006441151	3.5778995	0.0027413087	5.572199	0.0043986226	3.1795285	0.0004446277	0.5132379	0.0008861378	2.8241818	0.0007190057	0.09946604	0.000007859806	0.0002387747	0.00094054575	0.05733192	0.00006215918	0.010826367	0.0000006914247	0.00003885466	5.13129	65.17835	0.012337202	0.15337172	0.18291189	1.2120734	0.09191335	1.2686356	0.0047128755	0.11954638	0.04821839	0.5757168	0.055537328	0.31630975	0.040574864	0.34085876	0.0001934068	0.019997539	0.0009805516	0.23366185	0.0005412134	0.3318311	0.00011964791	0.013425565	0.00013435165	0.008799986	0.000050315502	0.0012722478	0.28527018	19.213522	0.0039531193	5.89184
Tuerk_Half_DAS_TuerkHalves_bin.363	0	0	0	0	0	0	0	0	0	0	0	0	0	0	0	0	0	0	0.000008221903	0.0021088675	0	0	0.000021021753	0.02284907	0.000008316359	0.00042665526	0.00001545867	0.00031705815	0	0	0.000006287661	0.00047819864	0.000003111754	0.000063499516	0.000035194837	0.00052808033	0.0000064937867	0.00009583972	0.00022683463	0.0016594843	0.00007779527	0.0013030381	0.083329216	1.61371	0.27299097	3.2143238	0.6916475	3.8641024	0.40813017	3.3688447	0.000039408467	0.0016490736	0.00010002083	0.015621938	0.0000023044186	0.00058691116	0.00008375496	0.004759299	0.0004503314	0.010506814	0.00061949814	0.005773529	0	0	0.000007376112	0.0044291327
Tuerk_Half_DAS_TuerkHalves_bin.305	0	0	0	0	0	0	0.000011069874	0.0031312327	0	0	0	0	0	0	0	0	0	0	0	0	0.0000059703675	0.002440672	0.00012559812	0.14174871	0	0	0.000031155207	0.0005673844	0.000012236811	0.0003008619	0.0000061756223	0.0003708249	0	0	0.00020033901	0.002538939	0.000056325516	0.00064410723	0.00066873	0.004272399	0.000536184	0.007318983	0.00014326788	0.0027785494	0.46309185	5.4280066	7.393395	41.136517	0.38447696	3.163438	0	0	0.000014523948	0.002243374	0.0000132732985	0.0027307642	0.0000093875515	0.00037532093	0.000018199973	0.00040449257	0.0000359223	0.00031671178	0	0	0	0
Birg_Half_DAS_BirgitHalves_nocov.2	0	0	0	0	0	0	0	0	0	0	0	0	0	0	0	0	0	0	0	0	0	0	0	0	0	0	0.00018994437	0.0035352334	0.00053130934	0.014319836	0.00032624375	0.021500664	0.000053521097	0.0011079304	0.000028924404	0.00042525554	0	0	0.0047987457	0.032310188	0.00011179316	0.0015125303	0.00088782795	0.01771743	0.003306663	0.03979239	0.0052679335	0.030908385	0.004744012	0.03997076	0.9048011	33.645863	0.000015760754	0.0023296524	0.00009568831	0.020480683	0.00016917626	0.0071455166	0	0	0.000027085045	0.00024916077	0	0	0	0
Tuerk_Half_DAS_TuerkHalves_bin.331	0	0	0	0	0	0	0	0	0	0	0.000011508312	0.0034984553	0	0	0.000020308984	0.004010314	0.000022463373	0.015353861	0	0	0	0	0	0	0	0	0.0000009750685	0.00007303016	0	0	0.000007698925	0.0021478613	0.0000046908426	0.0004278185	0.23966691	3.0420516	0.000038236136	0.00047830062	0.2856638	1.8442903	0.08986787	1.2160399	0.023773216	0.46248165	0.08564089	1.0112342	0.04906685	0.27513576	0	0	0.0000029672678	0.000112226146	0	0	0	0	0	0	0	0	0	0	0	0	0	0
Tuerk_Half_DAS_TuerkHalves_bin.121_sub	0	0	0	0	0	0	0	0	0	0	0	0	0	0	0	0	0	0	0	0	0	0	0	0	0	0	0.0000089674295	0.00018137007	0	0	0.000014438744	0.00088903395	0	0	0.02136217	0.2692997	0.018717466	0.21559612	0.30620193	1.9533836	0.14803685	1.9843702	0.008641099	0.1665358	0.0102694575	0.122425005	0.058062498	0.32346642	0.0021597932	0.018904926	0.00032263686	0.011845307	0.000020431884	0.0032270255	0	0	0	0	0.000049575545	0.001246822	0.000081101476	0.0007247868	0	0	0	0
Tuerk_Half_DAS_TuerkHalves_bin.417	0	0	0	0	0	0	0	0	0.00000021597413	0.0025291173	0	0	0	0	0	0	0	0	0	0	0	0	0	0	0.00041006765	0.02006446	0.022139378	0.40185866	0.000064744905	0.0016218268	0.004138531	0.2513704	0.0006844315	0.012873895	0.000279595	0.0037527252	0.00012074833	0.0015134907	0.0014750222	0.00986594	0.0009071565	0.01285681	0.0006271957	0.012481713	0.0013562586	0.01643789	0.0009243559	0.0053066188	0.0014194541	0.011965679	0.00006520801	0.0025067164	0.00004005675	0.0060465685	0.0011153931	0.2338918	0.0042061484	0.16241847	0.21700299	4.809105	1.0850343	9.410456	0	0	0	0
Tuerk_Half_DAS_TuerkHalves_bin.100	0	0	0	0	0	0	0	0	0	0	0	0	0	0	0	0	0	0	0	0	0.000004035762	0.0015822684	0	0	0.000009992371	0.0006434721	0.00091942295	0.018980075	0.00026559908	0.0068266243	0.00091576943	0.060341123	0.0042061284	0.08370173	0.00023395711	0.0030795645	0.0004485935	0.005396285	0.70373917	4.544191	0.008822186	0.12032062	0.00017590316	0.0037922354	0.00042829636	0.0054599447	0.00018645175	0.0011505435	0.0010349159	0.009186258	0.00045791428	0.022007035	0	0	0.0000022658276	0.001180222	0.00005536383	0.0021087525	0.00013297999	0.003221675	0.00004531289	0.00044797474	0	0	0	0
porc_Full_DAS_AndFulls_bin.4	0	0	0	0	0	0	0.0019291362	0.5655421	0.23672828	145.82527	0	0	0.37548387	182.78438	0	0	0	0	0	0	0.3641209	144.89317	0.000167413	0.18605882	0	0	0	0	0	0	0	0	0	0	0	0	0	0	0	0	0	0	0	0	0	0	0	0	0	0	0	0	0	0	0	0	0	0	0	0	0	0	0	0	0	0
old_originals_METABAT__206-contigs	0	0	0	0	0	0	0	0	0	0	0	0	0	0	0	0	0	0	0	0	0	0	0	0	0.000039886836	0.0021429474	0	0	0.0002460993	0.006200352	0	0	0	0	1.8608228	23.592943	0.003802145	0.04516135	3.1932483	20.582045	0.14010409	1.8959445	0.0014176773	0.028071346	0.072708145	0.88219804	0.036428064	0.20756172	0.01890635	0.16129458	0.000007408164	0.00027380983	0.000056068504	0.010039138	0.000033101598	0.008575591	0	0	0.00010801758	0.0025178238	0.000047560217	0.0004407841	0	0	0.000015350352	0.008089475
crabs_bin.213	0	0	0	0	0	0	0	0	0	0	0	0	0	0	0	0	0	0	0	0	0	0	0	0	0.0000045132306	0.00030910588	0.0000071624227	0.00014135648	0.000005567978	0.00014054221	0	0	0.0000025076674	0.000046004523	0.002538639	0.039903816	0.000096028976	0.0016201396	0.39961314	2.5729935	0.00088488177	0.014288069	0.00012273129	0.003005777	0.00014216609	0.0018088301	0.0011317477	0.007746277	0.00061620306	0.0060782353	0	0	0	0	0	0	0	0	0	0	0	0	0	0	0	0
Tuerk_Half_DAS_TuerkHalves_bin.427	0	0	0	0	0	0	0	0	0	0	0	0	0	0	0	0	0	0	0	0	0	0	0	0	0	0	0.000057980982	0.0011518324	0	0	0.00009257336	0.005891494	0.0000034387003	0.000065193795	0.00006799162	0.00092168973	0.000020466623	0.00026239172	0.00039727357	0.0027714532	0.00028329284	0.0042665144	0.000061848885	0.0013553075	0.000094128074	0.0012175789	0.000034599845	0.0002202819	0.000048208294	0.00045097226	0.00010831238	0.004309642	0.00040688642	0.06296698	0.0010016469	0.2096947	0.005453454	0.21052437	0.21894157	4.8523836	0.6231254	5.4000034	0	0	0	0
crabs_bin.389	0.001269613	14.426262	0.0011689803	14.484223	0.016958455	54.120583	0.015342422	51.04423	0.0044384133	31.826767	0.008120992	29.57759	0.0031453385	17.91175	0.054027725	48.609505	0.0041694213	34.191635	0.016810542	48.26115	0.0022222584	10.159115	0.0015851951	20.043224	1.0510603	52.547974	0.000033381606	0.0027503518	0.010983319	1.0106027	0.0005070286	0.15360168	0.00005053228	0.0021130303	0.0005815602	0.08664254	0.00050038676	0.036616664	0.00018799993	0.008324135	0.0005700632	0.08945506	0.0007788205	0.17919666	0.00006059	0.0028847654	0.00024419904	0.009155968	0.00008206915	0.007024136	0.00036284167	0.14965938	0.004224955	1.266443	0.0009219816	1.8054626	0.0029094284	0.18745157	0.0011054269	0.06894755	0.0009529834	0.015340916	0	0	0.005228956	32.048103
Birg_Half_DAS_BirgitHalves_bin.38_sub_cleaned	0	0	0	0	0	0	0	0	0	0	0	0	0	0	0	0	0	0	0	0	0	0	0	0	0.0086240815	0.41331095	0.00013777798	0.0026763894	0.5665026	14.095197	0.00027301649	0.016685382	0.000027622182	0.0005412238	0.00020992623	0.002644322	0.000028923383	0.00034036176	0.001228693	0.008003283	0.0030941013	0.041422945	0.00004048498	0.000803675	0.00031413021	0.003790522	0.00006857249	0.0003809853	0.00007624882	0.00067857595	0.00007577122	0.0031944334	0.000050467504	0.008013661	0	0	0	0	0.000005486268	0.00011908572	0	0	0	0	0	0
Tuerk_Half_DAS_TuerkHalves_bin.285	0	0	0	0	0	0	0	0	0	0	0	0	0	0	0	0	0	0	0	0	0	0	0	0	0.00025211577	0.012349456	0.00003903521	0.0007240385	0.0064458987	0.16412984	0.00007651322	0.0046137893	0.00009410546	0.001822272	0.03563532	0.453774	0.0017411795	0.027060939	0.44475397	2.8736322	0.7880993	10.672574	0.00014387893	0.0028925473	0.006132655	0.072822616	0.000849052	0.0049187113	0.00028133747	0.0024341473	0.0000061977767	0.00029670316	0.00011109826	0.019466812	0.000023801053	0.005227086	0.000029141143	0.0012771907	0.00018693678	0.0048667686	0.00017456869	0.0017819579	0	0	0	0
crabs_bin.374	0	0	0	0	0	0	0	0	0	0	0	0	0	0	0	0	0	0	0	0	0	0	0	0	0.00044867187	0.023946965	0.0000065075806	0.00012539461	0	0	0	0	0	0	0.000046223875	0.0006335196	0	0	0.000016882712	0.000113761474	0.00007756304	0.001146756	0.000006243166	0.00016159801	0	0	0	0	0	0	0.00035207497	0.013360193	0.00019601744	0.029747773	0.043831978	9.139179	0.289213	11.149275	1.7440124	38.802113	1.0877564	9.472616	0	0	0	0
old_originals_METABAT__479-contigs	0	0	0	0	0.0000068679597	0.0027791776	0.000006087123	0.0025962857	0	0	0.000007827657	0.0030048816	0	0	0	0	0.000009320194	0.0065938435	0.000019528743	0.005423842	0	0	0.000027050695	0.029383007	0	0	0.0000017486063	0.000031363412	0	0	0.000005114958	0.00030747234	0	0	0.00018738488	0.0025805444	0.09667829	1.1218272	0.000012425018	0.000085361266	0.00007081468	0.0009963359	0.00009446467	0.0020613445	0.093569204	1.1061954	0.89472604	5.022749	4.0023227	33.20135	0	0	0.0000088932775	0.0014880887	0	0	0	0	0	0	0	0	0	0	0.000022689313	0.011391381
old_originals_CRABS_nocov.155	0	0	0	0	0	0	0	0	0.000177469	0.11169307	0.00021319443	0.065359816	0	0	0.00013550001	0.02996904	0	0	0	0	0	0	0	0	0	0	0	0	0	0	0.000007681675	0.00066878955	0.000019213636	0.00035523158	1.0151585	12.849183	0	0	0.00061695086	0.0040847645	0.00033838177	0.0049253437	0.00032779	0.006857384	0.005808923	0.069835916	0.0034133354	0.019704668	0.0052059693	0.04423109	0.000042771655	0.0016773299	0.0001275192	0.01942064	0	0	0.00004459776	0.0018050619	0.00003441866	0.0008337255	0.00037356888	0.0034271732	0	0	0	0
old_originals_METABAT__332-contigs	0.0000039517286	0.01169923	0.0000038514177	0.012566746	0.000022720633	0.019800091	0.00001959912	0.015854647	0.00023664016	0.15441386	0.0004101326	0.13762353	0.000239289	0.12354681	0.00000289908	0.0017528803	0.000006184994	0.013422132	0.0000032771816	0.002760132	0.0000059568533	0.0030895174	0.000028480601	0.044858046	0.000021831007	0.0015356435	0.0016836061	0.0424549	0.0000113591295	0.00050779356	0.0010230563	0.078704014	0.0021655075	0.058052022	1.3952986	17.809097	0.040652033	0.4746123	1.2995064	8.394213	0.084392086	1.1526041	0.002478686	0.05022835	0.011189826	0.13597906	0.019444685	0.11300548	0.0088247955	0.0758297	0.0000984669	0.004218581	0.000057256628	0.009087259	0.0000035107016	0.0023044867	0.0000027637923	0.00010557754	0.0000006814758	0.00004876436	0	0	0	0	0.000029320016	0.046375565
Tuerk_Half_DAS_TuerkHalves_bin.122	0	0	0	0	0	0	0	0	0	0	0.000014335754	0.004388031	0	0	0	0	0	0	0	0	0	0	0	0	0.002139446	0.12879476	0.00000227386	0.000045800018	0.0000894048	0.002367882	0.00001580846	0.0011225053	0.00002975034	0.000655848	0.000057804475	0.0007933413	0.000029711216	0.000419945	0.00015476777	0.001267307	0.00009147218	0.0015210843	0.0002600022	0.005312089	0.00042137463	0.0051573953	0.000017700322	0.00010072866	0.00007965266	0.0006598938	0.00004372632	0.0018299144	0.00039311682	0.059759077	0.35969004	74.92997	0.020175043	0.7855857	0.14693618	3.2782247	0.11784051	1.0303434	0	0	0	0
old_originals_METABAT__271-contigs_cleaned	0	0	0	0	0	0	0	0	0	0	0	0	0	0	0	0	0	0	0	0	0	0	0	0	0.000010088292	0.0005487944	0.00007725066	0.0015058072	0.000008601505	0.00021387618	0.000026624613	0.001757409	0.0003497587	0.006860918	0.00097598135	0.013041687	0.00009712758	0.0011270937	0.00017225293	0.0011953462	0.0006677617	0.009448062	0.0014148405	0.028276695	0.0055236476	0.06718797	0.83588874	4.676997	0.004064665	0.03457785	0.0000027154006	0.00011018992	0.000003608416	0.0006379063	0	0	0.0000015604955	0.000059290553	0	0	0	0	0	0	0	0
old_originals_METABAT__426-contigs	0	0	0.000010272512	0.01763199	0	0	0	0	0.000016530645	0.016665619	0.000017165572	0.008582004	0.000012062792	0.010348925	0.000022829921	0.0073782266	0.000009886994	0.009416077	0	0	0.00005982399	0.036123343	0.00005261398	0.062938854	0.00026136028	0.018216256	0.005291438	0.11147553	0.000517012	0.017989833	0.0010707492	0.07837465	0.0054620383	0.120339766	0.00026759473	0.0047517675	0.00023623483	0.0031679415	0.0026960175	0.02167731	0.00044925098	0.00821331	1.4196725	27.552643	2.033241	23.941313	3.2201045	18.02469	0.023260811	0.2041171	0.0059498693	0.24088761	0.000094461255	0.0175313	0.000012414207	0.004311133	0.00005616634	0.0031107804	0.000078994184	0.0026683672	0.00008948216	0.0012272766	0	0	0.00006512415	0.032534022
crabs_bin.210	0.00001986675	0.03372254	0.000026983842	0.036223114	0	0	0.000013346814	0.0038083626	0	0	0.000009496605	0.004407712	0	0	0	0	0	0	0.000031246418	0.007955965	0.000030046152	0.013358105	0.00005745071	0.064650714	0.0002875297	0.014084088	0.00046328944	0.008925053	0.00042058568	0.010794739	0.00026090947	0.016913095	0.0013407879	0.026651027	2.275621	28.877794	0.9570287	11.111262	8.448754	54.493668	1.2706684	17.18403	0.4983262	9.707626	1.7074958	20.201817	2.2039433	12.372173	4.8012037	39.83811	0.00012287233	0.004807395	0.0000823994	0.0125511205	0	0	0	0	0.000032205935	0.0007730867	0.000008095377	0.000070036505	0.43976903	29.615416	0.00003622404	0.025064178
old_originals_METABAT__476-contigs	0	0	0	0	0.0000062287236	0.0017142306	0	0	0	0	0.0000059019835	0.0018534476	0	0	0	0	0.0000058545456	0.004067163	0	0	0.000001522133	0.000624122	0.00012242119	0.13592848	0	0	0	0	0.000009207931	0.00023080678	0.0000015007595	0.00009482634	0	0	0.29998586	3.8045247	0.0000108230215	0.00015203941	0.000064410735	0.0004563162	0.29608488	4.001126	0.000026837442	0.00052354333	0.725941	8.539914	4.0247164	22.471378	0.00027323706	0.0028744093	0.000008105181	0.0002972816	0.000012396113	0.0018357426	0	0	0	0	0	0	0.0000017182173	0.000014725214	0	0	0	0
crabs_bin.234_cleaned	0	0	0	0	0	0	0	0	0	0	0	0	0	0	0.00010411848	0.028979821	0	0	0	0	0.0005855099	0.2341076	0	0	0.27823424	13.484655	14.234434	257.2231	0.0331004	0.83059937	0.012387204	0.81874	0.012177355	0.24646561	0.0064072856	0.08241567	0.0059028557	0.070164	0.0069461637	0.045603786	0.012875579	0.17546037	0.01109222	0.21627375	0.15185899	1.8115127	0.036284536	0.20495413	0.04108511	0.34323815	3.5023742	129.88126	0	0	0	0	0.00004613191	0.0017454803	0.00000923285	0.00020155146	0	0	0	0	0	0
crabs_bin.268_cleaned	0.000045535762	0.043424673	0	0	0.000009204402	0.002624753	0.000008670137	0.0024520233	0	0	0	0	0	0	0.0000037700029	0.0016265654	0.000008941055	0.0062274574	0	0	0.000005912827	0.0028668828	0	0	0.00056144403	0.029017834	0.00038285638	0.0072274525	0.00023313881	0.006243417	0.00034952365	0.022069464	0.000055227614	0.0010411277	0.55510867	6.9973974	0.11277514	1.303502	3.3641517	21.512424	4.7574234	63.887337	1.092867	21.105785	0.5567122	6.5404873	0.35928127	2.0025651	0.73639613	6.069315	0.0004807475	0.019572923	0.0025759228	0.38859397	0.00007061335	0.014968956	0.0026747505	0.103161864	0.0041868924	0.096383214	0.006699999	0.059928823	0	0	0.00004248993	0.02151684
old_originals_METABAT__291-contigs	0	0	0	0	0	0	0	0	0	0	0	0	0	0	0	0	0	0	0	0	0	0	0	0	0.000004066396	0.00028857612	0	0	0.000018498647	0.00052483147	0	0	0	0	0.022199811	0.2827412	0.007846257	0.09170286	0.067310005	0.4344075	0.5022387	6.7823143	0.020029716	0.3923499	0.020257443	0.24110326	0.0025400515	0.014560338	0.021623138	0.18007007	0	0	0.000020684807	0.0031307212	0.000014556593	0.003175745	0.00003290017	0.0013094395	0.00011147619	0.0027216293	0.00008448304	0.00080360787	0	0	0	0
crabs_bin.204	0	0	0	0	0	0	0	0	0.000026422249	0.01967999	0.00004941555	0.016890436	0	0	0.000023299297	0.0048404187	0	0	0	0	0	0	0	0	0.000008124851	0.00038550355	0.000056300618	0.0013222029	0.00007102227	0.0021033383	0.000124075	0.007777357	0.00004584527	0.0009179978	0.0005711554	0.008684057	0.000010172488	0.00011546106	0.0003196596	0.0023590936	0.0010682128	0.016673928	0.00028412096	0.006134196	0.0011886401	0.015227292	0.026497064	0.14888652	0.00014225363	0.0014287877	0.000006265987	0.00027091222	0.00043323258	0.06796194	0.034243662	7.1548405	0.4750005	18.306843	0.17473987	3.9007823	0.62491155	5.4407587	0	0	0.00007694328	0.04802321
Birg_Half_DAS_BirgitHalves_bin.11	0.00002590752	0.024469119	0.0000126249415	0.013141769	0.000010988586	0.0029580137	0	0	0.0000041279936	0.0024842995	0.000029176621	0.009594724	0	0	0.000009868687	0.0018330879	0	0	0.000011919866	0.002886429	0.00000982797	0.0043078484	0.00017484643	0.18764257	0.007819637	0.377973	0.36055353	6.492588	0.0015797666	0.039694417	0.24972165	14.875664	0.12454791	2.3023977	0.06627811	0.85068667	5.1897516	60.09429	3.9925656	25.449442	0.06043127	0.81943756	0.8278719	15.923457	1.2820104	14.9797735	3.9601905	21.964254	2.2540867	18.49196	0.00065229373	0.024109978	0.03216543	4.76579	0.10458733	21.582571	0.21453969	8.204678	0.001892717	0.042377427	0.028486531	0.24563162	0	0	0	0
old_originals_METABAT__282-contigs	0	0	0	0	0	0	0	0	0	0	0	0	0	0	0	0	0	0	0	0	0	0	0	0	0	0	0.0009488441	0.018406086	0	0	0.0005570498	0.035050415	0.000047994272	0.0010342909	0.0100362785	0.1711691	0.11573243	1.3744211	0.4962721	3.2389107	0.008729357	0.17457305	0.0000797916	0.001535841	0.00018358945	0.0023722297	0.0001050242	0.0005824572	0.00008651593	0.00071546156	0	0	0	0	0	0	0	0	0	0	0	0	0	0	0	0
Birg_Half_DAS_BirgitHalves_maxbin.116	0	0	0	0	0	0	0	0	0	0	0	0	0	0	0	0	0	0	0	0	0	0	0	0	0.0000030976269	0.00018576502	0.00011131406	0.0023786493	0.00021677949	0.0057434435	0.00034633756	0.022486346	0.0009351482	0.018579178	0.00039110085	0.0051503275	0.00009497945	0.0011127589	0.0013436007	0.008670442	0.0005881992	0.00803477	0.00007774598	0.0019706162	0.00021789368	0.0026089498	0.00011562799	0.0006850641	0.00024387604	0.002141997	0.6566952	24.461351	0.0000101769265	0.0015115036	0	0	0	0	0.00001769714	0.00038933192	0	0	0	0	0.000009878768	0.0077137486
old_originals_METABAT__338-contigs_cleaned	0	0	0	0	0.000015558648	0.0047168345	0.0000017755106	0.0022032147	0.000008819374	0.0059421784	0	0	0	0	0.000018651448	0.00438455	0	0	0.00003593948	0.009205372	0.000006524703	0.002575978	0.000005664123	0.012467247	0.0004759332	0.02397819	0.00023644995	0.0045245625	0.00021401983	0.005609893	0.00023817868	0.015133465	0.000019730704	0.00038112298	0.0031708346	0.042903896	0.0030196027	0.036954064	0.00448968	0.03147422	0.014750162	0.22451688	0.7852176	15.168677	1.9637641	23.045969	0.23421131	1.3089969	3.1116338	25.605118	0.0006787566	0.028138947	0.0034162041	0.5234289	0.00006920713	0.01537148	0.008324247	0.3192792	0.002892229	0.06716826	0.00818311	0.073032856	0	0	0.000043067073	0.024166888
old_originals_METABAT__334-contigs	0	0	0	0	0.000050267277	0.014789326	0.000029604736	0.009210714	0.00015029643	0.10764757	0.0019888168	0.70357776	0.0000031801487	0.0016068846	0.00075829466	0.16344212	0.00065658876	0.52633464	0	0	0	0	0.00021147366	0.24757151	0.000061667306	0.0032846525	0.0022187475	0.040306263	0.0015162475	0.039935797	0.00019604688	0.011998849	0.00057555106	0.010935934	0.08153633	1.0351025	0.019451628	0.23260857	0.0022041637	0.014611641	1.1029959	14.875782	0.0005234029	0.011184481	0.0065149837	0.07777458	0.014710332	0.08358881	0.006692555	0.056886554	0.0008531921	0.032743465	0.0000746766	0.012868094	0.000036758465	0.008032711	0.0004001753	0.015916428	0.00005169111	0.0012323341	0.00008308803	0.00074106705	0	0	0.00007025378	0.04041264
Tuerk_Half_DAS_TuerkHalves_bin.450	0	0	0	0	0	0	0	0	0	0	0	0	0	0	0	0	0	0	0	0	0	0	0	0	0	0	0.000018119272	0.0003329448	0	0	0.000016412714	0.0010385569	0	0	0.11011361	1.3851818	0.016975347	0.19518122	0.19092773	1.2189362	0.077495106	1.0386252	0.0063738455	0.12368952	0.0005123336	0.00646812	0.00009429641	0.000599114	0.00006688857	0.00062689645	0.00051995844	0.019163221	0.0000024517929	0.00035902532	0.0000005537719	0.0007283772	0.0000026486437	0.00010010941	0.00009350881	0.0021269817	0.00006492423	0.00059901574	0	0	0	0
Tuerk_Half_DAS_TuerkHalves_bin.76	0.000025385709	0.027542131	0	0	0	0	0	0	0	0	0	0	0	0	0.000011133713	0.0020633007	0.000010863224	0.007899539	0	0	0	0	0.000016438275	0.017600676	0.001587353	0.07805515	0.00019929277	0.0038701128	0.0002584486	0.0067243446	0.0003162657	0.019891288	0.00028078898	0.005380516	0.0020350541	0.027905187	0.001522506	0.018948546	0.004053764	0.02796928	0.011670957	0.16846427	0.010082165	0.20758551	0.0129666515	0.1660218	0.0083937375	0.049940206	0.028615145	0.24828617	0.0013276911	0.051273286	0.76695865	113.93862	0.0010623483	0.2414207	0.010222268	0.42949244	0.0072595538	0.17053576	0.019756712	0.17612113	0	0	0.00006646772	0.03411768
crabs_bin.223	0	0	0	0	0	0	0	0	0	0	0	0	0	0	0	0	0	0	0	0	0.0000040961254	0.0016000781	0.00004130345	0.116161145	0.080159836	3.8869367	0.04377766	0.7986963	1.4919833	37.47811	0.094075516	5.666137	0.034232922	0.649711	0.00002936437	0.00048324218	0.0000043158852	0.00006496457	0.00042578045	0.0036445945	0.000004195549	0.000071615614	0	0	0.0000303728	0.00038078625	0.000016868238	0.00010907753	0.000027351305	0.00035729448	0.001591244	0.076214865	0	0	0	0	0.000002157908	0.00016403756	0.000029299019	0.00083342585	0.00003462949	0.00037751417	0	0	0	0
Tuerk_Half_DAS_TuerkHalves_bin.438	0.000067012676	0.073898405	0	0	0.00006317716	0.017866805	0	0	0	0	0.000014959688	0.0048294533	0.0000060491852	0.002911887	0.000022800896	0.00553605	0.00003079517	0.021195283	0.000016354086	0.0043586064	0.000003395048	0.0016262494	0.00009934828	0.1180611	0.14693026	7.151045	6.950018	126.26331	0.08953116	2.2634838	4.388038	264.22742	18.545406	345.88034	0.0014835198	0.019154703	0.00003383666	0.00039616294	2.9956634	19.332392	0.001960253	0.026494458	0.0017949201	0.035858333	0.0050584874	0.060632274	0.020255674	0.114409216	0.0013202628	0.011620432	0.004126745	0.15864107	0.000012152267	0.001793745	0.0000058179535	0.0012130276	0.000001970065	0.00016672061	0.000009965398	0.00023101571	0	0	2.399438	162.24547	0.00079563085	0.40278164
Tuerk_Half_DAS_TuerkHalves_bin.83_sub	0	0	0	0	0	0	0.000011604326	0.0032638435	0	0	0	0	0	0	0	0	0	0	0.000013698949	0.0034092108	0	0	0	0	0.0000036176832	0.00017243352	0.00009071226	0.0017742411	0.000005410196	0.00015680186	0.000032609027	0.0021259135	0.000032883592	0.0006672496	0.0007278612	0.009774849	0.000832543	0.010277368	0.0032335892	0.021962654	0.002843631	0.040706705	0.46029705	8.866408	0.28638843	3.357812	0.09803766	0.54704756	0.08238807	0.68002576	0.00009703175	0.0037565017	0.0000597526	0.00982121	0.000013858844	0.002846415	0.00004703561	0.0020864862	0.0006874549	0.016322842	0.001084324	0.01023387	0	0	0	0
crabs_bin.498_cleaned	0.000023940685	0.02273189	0	0	0	0	0	0	0	0	0	0	0	0	0	0	0	0	0.000021722688	0.0053630043	0	0	0	0	0	0	0.000005479799	0.0001550581	0.000026513813	0.0007399915	0.000016921567	0.0010640823	0	0	0.007842685	0.10179537	0.17379957	2.0121322	0.83349985	5.356884	0.020815583	0.2838157	0.0008180324	0.016665474	0.050161388	0.5948112	0.047546573	0.2656103	3.1600776	26.07506	0	0	0.000032561722	0.004782041	0	0	0	0	0	0	0	0	0	0	0	0
old_originals_METABAT__363-contigs	0	0	0	0	0	0	0.000015376088	0.004352301	0.000006260436	0.0039127897	0	0	0	0	0.000029565286	0.005774253	0	0	0.000015188014	0.004546147	0.000003984038	0.001696223	0	0	0.000014438145	0.0006898148	0.000011496548	0.00021030505	0	0	0.000004306903	0.00025771663	0.0000072050148	0.00013688773	0	0	0.000009290502	0.0001377363	0.000003720369	0.000023849321	0	0	0.000010002076	0.00020326757	0.000038657825	0.00047094462	0.0007213586	0.0040856553	0.03956754	0.32824594	0.000014811325	0.00080794445	0.12647006	18.960583	0.49197972	102.75875	0.5202636	20.109299	5.639009	125.72952	4.4204755	38.59523	0	0	0.000038132734	0.019096017
old_originals_METABAT__77-contigs	0	0	0	0	0	0	0	0	0	0	0	0	0	0	0	0	0.0000066116036	0.008467758	0	0	0	0	0	0	0.0000019747472	0.00017614676	0.000011772355	0.00024165977	0	0	0.000008489084	0.00059228006	0.0000043273567	0.00010486436	0.028933223	0.36444324	0.008718051	0.10044972	0.05573508	0.3566494	0.072098136	0.9679313	0.2527975	4.8699985	0.30758044	3.6007657	0.25858766	1.4367541	0.037848618	0.3107933	0.00008682453	0.0033422476	0	0	0	0	0.0000018790138	0.00013321357	0.000034328674	0.00092293415	0.00003997526	0.0004292067	0	0	0	0
Tuerk_Half_DAS_TuerkHalves_bin.101	0	0	0	0	0	0	0	0	0.000002673901	0.0026963695	0	0	0	0	0	0	0	0	0	0	0	0	0	0	0.00001647553	0.0007922718	0.0005121745	0.009311416	0.0000032751564	0.00014408995	0.000037994985	0.0024863565	0.000044056713	0.00084898487	0.45915616	5.8091044	0.008899509	0.10682843	0.08132617	0.52271426	0.005163365	0.070575565	0.00013624835	0.0029415775	0.0026530183	0.03138726	0.0016541153	0.0098011065	0.0035449513	0.029820658	0.00028167097	0.0104672415	0.0000016318369	0.00042976218	0.000007810986	0.0017437709	0.00013101786	0.005512338	0.0000015624801	0.0000553489	0	0	0	0	0	0
old_originals_METABAT__238-contigs	0	0	0	0	0	0	0.0000028881018	0.0022579073	0	0	0	0	0	0	0	0	0	0	0	0	0	0	0	0	0.0026908382	0.13038228	0.0029015276	0.0526695	1.1475235	28.867254	0.0018646105	0.11217385	0.00075630227	0.0140610235	0.014788308	0.1878351	0.00006988537	0.00082173815	0.059747495	0.38449293	0.026663274	0.36006254	0.001259817	0.024570342	0.003199985	0.037799623	0.00023681507	0.0013597277	0.000054539145	0.00046667972	0.0000045749307	0.0001676597	0.000004252364	0.0012941435	0.0000027472875	0.0006563775	0.0000058698292	0.00036085464	0.000019303616	0.00054168474	0.000016337552	0.00018685502	0	0	0.000009877953	0.004953361
old_originals_METABAT__108-contigs	0.000015988118	0.018139571	0.000005565098	0.019484647	0	0	0.000009847535	0.008194171	0	0	0	0	0.000007726938	0.005718162	0	0	0.0000044314006	0.010405458	0.000009597854	0.0042795646	0	0	0	0	0.0000015411392	0.00021645488	0.000038682483	0.00069290533	0	0	0.00006102329	0.0036390657	0.001359603	0.025385568	0.05828349	0.74066633	0.00025646985	0.00298217	8.247284	53.307182	1.0847785	14.704982	0.0008933748	0.017412681	0.97322184	11.472653	0.030823214	0.17231147	0.020044887	0.16575263	0.000004175053	0.00015211345	0.000012025318	0.0017612162	0	0	0	0	0.0000010772842	0.000075608776	0	0	0	0	0.00001759814	0.0089881215
crabs_bin.278	0	0	0	0	0	0	0	0	0.0000037516254	0.0028563673	0.000032027816	0.011031704	0	0	0.00001995583	0.0042152503	0	0	0	0	0	0	0	0	0.0000035185594	0.00016785675	0.00012544033	0.0024563896	0.00059619383	0.015111359	0.0007185906	0.047974475	0.00187813	0.03752339	0.00035712626	0.005609517	0.00013444098	0.002212069	0.0020170398	0.0143111795	0.004439478	0.06384539	0.00010228182	0.0023741908	0.000084855346	0.0012278332	0.00016635864	0.0010410824	0.00013636655	0.0012442515	0.000062951956	0.0027131068	0.0047065206	0.7006505	0.002609287	0.5495548	0.054119393	2.1577964	0.05230562	1.1804037	0.6222726	5.389338	0	0	0.00013928248	0.06970122
Tuerk_Half_DAS_TuerkHalves_bin.68	0	0	0	0	0	0	0	0	0	0	0	0	0	0	0	0	0	0	0	0	0	0	0	0	0	0	0.00004090139	0.0009381368	0.000024916153	0.00067835103	0.000021235657	0.0014631683	0.000010781199	0.00022204872	0.0010567063	0.014634476	0.0040351497	0.05077338	0.003082141	0.021006787	0.0009626	0.013546464	0.0017197095	0.036104888	0.30781618	3.6382716	0.44998685	2.5253341	0.5431578	4.5067463	0	0	0.008035273	1.4992265	0.0014944463	0.38686693	0.010661242	0.5083042	0.0076228334	0.2093706	0.002892453	0.03109527	0	0	0	0
old_originals_METABAT__24-contigs	0	0	0	0	0	0	0	0	0.000010679422	0.008778253	0.0000061332016	0.0037669872	0	0	0	0	0	0	0	0	0	0	0	0	0.000101133744	0.006190334	0.000008268736	0.00015727151	0.00009376673	0.002501849	0	0	0.000023425935	0.00046065668	0.2713294	3.4568832	0.7651533	8.923024	1.3387585	8.6736355	0.5678608	7.7101994	0.019487392	0.3915744	0.03447445	0.42453322	0.008451556	0.05173931	0.016139219	0.1478914	0.000006167065	0.00024168062	0.0017862517	0.29894662	0.00010736682	0.02460029	0.00049138867	0.019896511	0.00053619844	0.0127936965	0.00033512182	0.0031723513	0	0	0	0
old_originals_METABAT__333-contigs	0	0	0	0	0	0	0	0	0	0	0	0	0	0	0	0	0	0	0	0	0.50992167	204.86597	0	0	0	0	0	0	0	0	0	0	0	0	0	0	0	0	0	0	0.0000035653097	0.00007263275	0.000008144444	0.00019446932	0.000033647608	0.0005149259	0.0000054061115	0.00003687558	0.000017361159	0.00018118453	0	0	0.00006356936	0.011336314	0	0	0	0	0	0	0	0	0	0	0	0
crabs_bin.53	0	0	0.00002050481	0.021682262	0.000008495231	0.0024401748	0	0	0	0	0	0	0	0	0	0	0	0	0.000009641112	0.0023811222	0	0	0	0	0	0	0.000015082065	0.00027537718	0.000008829654	0.00021903272	0.000025866579	0.0016198019	0.0000033151382	0.00007169729	0.0015925716	0.020272685	0.00023454943	0.0027413862	0.0024226091	0.015651835	0.001130151	0.015388586	0.71493435	13.850014	0.6238105	7.3461504	0.14773235	0.8257916	0.041798867	0.34578308	0.000026825499	0.0010156193	0.0000531075	0.007839434	0	0	0.0000060355833	0.00027324018	0.00009201891	0.0021034116	0.00011001224	0.001006131	0	0	0.000019928684	0.010001866
crabs_bin.339	0	0	0	0	0	0	0	0	0	0	0	0	0	0	0	0	0	0	0	0	0	0	0.000031511743	0.034191895	0.000041042378	0.0023942143	0.00000057149185	0.000036496414	0	0	0	0	0	0	0.000052459247	0.0006716972	0.000011604353	0.00014341684	0.00024007003	0.0016224175	0.0001487807	0.002107997	0.9845439	19.101198	0.5012845	5.9049573	0.062058024	0.34678066	0.008911174	0.0741443	0.000023041299	0.0008973502	0.000017465187	0.0025974489	0.0000084911035	0.0017565357	0.000015078747	0.00060355326	0.00001271053	0.0003345244	0.000025107714	0.0002222417	0	0	0	0
crabs_bin.405	0	0	0	0	0.000042321884	0.037983537	0	0	0.0000026382154	0.0053167706	0.000020379606	0.020534135	0	0	0.000006390101	0.003923081	0.0000066878165	0.015019881	0.0000076180295	0.006177388	0.0000017734013	0.0023048592	0	0	0	0	0	0	0	0	0	0	0	0	0.00031247153	0.004176566	0.0011429883	0.019558076	1.4033545	9.10044	0.00021267416	0.0029916372	0.00024742345	0.0052478705	0.00010222974	0.0016455296	0.00030356325	0.0019378448	0.00017194611	0.001737014	0.000029154113	0.0010978498	0	0	0	0	0	0	0	0	0	0	0	0	0.000007810696	0.012974011
old_originals_METABAT__82-contigs	0.102870785	159.14993	0.09028133	155.13243	0.15493624	66.76649	0.14131066	64.04105	0.04367165	43.561523	0.11860084	61.76678	0.099715956	74.39933	0.26642114	79.35451	0.10642755	120.22249	0.097175	38.998077	0.027259596	17.301817	0.087508	152.74785	0.020141557	1.5802478	0.004300927	0.12792526	0.02753908	1.1308193	0.009306837	0.87020314	0.011386621	0.34234765	0.98809224	12.969174	0.28117415	3.5069666	0.07092103	0.5007402	2.1385958	29.172413	0.51236767	10.638684	0.029486973	0.42774403	0.1206273	0.7556908	0.079740815	0.78971165	0.0049987496	0.30598655	0.052295126	9.797102	0.078714825	20.072414	0.02054335	0.98319805	0.018186135	0.49837902	0.01282773	0.14974228	0.2404253	16.217068	0.1219884	98.054985
old_originals_METABAT__217-contigs	0	0	0	0	0	0	0	0	0	0	0.000028605227	0.008762008	0	0	0	0	0.0000110669525	0.0096135745	0	0	0.0000037501486	0.0014752405	0.000019378116	0.021419657	0.0074565355	0.3609677	0.000041792588	0.00082308	0.0041002166	0.102746986	0.000016458644	0.0011207076	0.0000018531857	0.000059527054	0.000011822728	0.00014851327	0.000024997467	0.0002994803	0.000011683081	0.000082969	0	0	0.000018357414	0.00035357205	0.000058115427	0.0007021548	0.00009635281	0.00053635915	0.00039160822	0.0032530075	0	0	0.37626946	56.258766	0.26145795	54.377937	1.6553595	63.698563	1.7140697	38.04548	22.164932	192.58087	0.43539333	29.435965	0.00001618798	0.008304101
Tuerk_Half_DAS_TuerkHalves_maxbin.370_sub_cleaned	0	0	0	0	0	0	0	0	0	0	0	0	0	0	0	0	0	0	0	0	0	0	0	0	0	0	0.000041873456	0.000799412	0	0	0.000114121336	0.0069973785	0.000016101207	0.00029733597	0.0051240055	0.07152377	0.00070479175	0.008227427	0.009508702	0.0639773	0.0047739963	0.064725	0.014168045	0.27617118	0.092123955	1.0766507	0.383537	2.1265347	0.0045683184	0.03866775	0	0	0.00089272176	0.13410759	0.000054838998	0.01236693	0.0002333322	0.009442957	0.0001328539	0.0028786105	0.000019520085	0.00021731915	0	0	0	0
Tuerk_Half_DAS_TuerkHalves_bin.477	0	0	0	0	0	0	0	0	0	0	0	0	0	0	0	0	0	0	0	0	0	0	0	0	0.0000055216597	0.00028018036	0.0000035851488	0.00006406431	0	0	0.00002340183	0.0018841703	0.000025578074	0.00058379315	0.015327738	0.19371422	0.40823525	4.717255	0.122023374	0.78192973	0.065461636	0.88103944	0.0011451931	0.022291385	0.020777604	0.24445891	0.0001150085	0.0007044879	0.0001412248	0.0012115012	0.00003558778	0.0013782753	0.000010301576	0.0015198184	0.0000063538337	0.0015416755	0.0000053204817	0.00021189054	0.00014851001	0.0034253942	0.00009357609	0.0008777564	0	0	0	0
old_originals_METABAT__358-contigs	0.000023404553	0.022346564	0	0	0.00003970784	0.010805692	0.000053422238	0.015141888	0	0	0.000019120846	0.0058416245	0.0000073313618	0.0035221688	0	0	0	0	0	0	0.000009487682	0.0039341673	0.000023808507	0.028560942	0.091379054	4.4507527	0.000597148	0.011279798	0.014999916	0.3794853	0.0020261242	0.12642202	0.0009758701	0.01904959	1.4483337	18.377403	1.1474065	13.320339	1.2282369	7.918701	1.3412683	18.139181	0.053322013	1.0433244	0.07462518	0.8881134	0.027901635	0.15796551	0.04365482	0.3673745	0.00040846158	0.015366156	0.0013428535	0.20611994	0.000107273685	0.023476122	0.0010908755	0.04275243	0.0014997937	0.034277078	0.0029798266	0.026732367	0	0	0.00017321878	0.08858142
old_originals_METABAT__248-contigs	0.00325227	15.434207	0.0031957908	16.75694	0.15042768	200.8649	0.15053703	207.93478	0.05835021	174.28702	0.14176145	212.13432	0.044935055	105.906296	0.19001135	180.07869	0.015158019	58.928604	0.22829767	268.58038	0.022113232	41.35193	0.0025755374	17.313559	1.7229209	88.322334	0.0073226765	0.14008945	1.0836033	29.713594	0.02677568	2.046463	0.00045934127	0.010831594	0.0031460584	0.21447301	0.0014202062	0.08311215	0.0015472339	0.026856424	0.0033991502	0.22909367	0.0046881945	0.47092402	0.00029169195	0.0072428966	0.0010167537	0.022905272	0.0011876597	0.026198821	0.0027428956	0.5370177	0.003831803	2.4760916	0.0060726744	6.5789127	0.0015013706	0.26733378	0.0038514875	0.21798642	0.002831608	0.048297115	0	0	0.047426984	122.42357
old_originals_METABAT__139-contigs	0	0	0	0	0	0	0	0	0	0	0	0	0	0	0	0	0	0	0	0	0	0	0.000021554755	0.023166168	0.0000027272554	0.00021628819	0	0	0.000008010343	0.00019668097	0	0	0	0	0.00024804135	0.003506929	0.00008494342	0.0011012574	0.0011451486	0.008053637	0.00019040116	0.002820773	0.0002713493	0.0054492224	0.0013527353	0.016738595	0.4839809	2.68737	0.0034963158	0.030617686	0	0	0.000053584496	0.007919368	0.00006485606	0.013686295	0.000014938786	0.00057249895	0.000015823534	0.00037775273	0.000004430639	0.000037644073	0	0	0	0
crabs_nocov.24_sub	0.000024242821	0.022982309	0	0	0	0	0	0	0	0	0	0	0.0000026624193	0.0018111862	0	0	0	0	0	0	0	0	0	0	0	0	0.000015166204	0.00028217921	0.000026848424	0.00074814336	0	0	0	0	0.0009705749	0.012626992	0	0	0.003871239	0.025415193	0.02301776	0.308266	0.027457744	0.52850294	0.3533584	4.1221642	0.00218605	0.012917693	0.15242644	1.2504231	0.000008187501	0.00038544665	0.0000010433744	0.0003719016	0	0	0	0	0.0000069209254	0.00019158825	0.0000087985	0.000095461415	0	0	0	0
Tuerk_Half_DAS_TuerkHalves_bin.408	0	0	0	0	0	0	0	0	0	0	0	0	0	0	0	0	0	0	0	0	0	0	0	0	0.000081887265	0.0042412993	0.00091011723	0.018287454	0.00031591518	0.0079891095	0.0003358138	0.023768408	0.00039059942	0.007665016	0.3797605	4.7710133	0.04082642	0.47055516	0.69659585	4.444755	0.21931769	2.937738	0.09844961	1.8974378	0.2662406	3.118367	0.26410282	1.4684821	0.3004039	2.4680839	0.00011335078	0.004257955	0.000023860042	0.0041083256	0	0	0.00012634535	0.004811317	0.00015891736	0.0035979454	0.00016301792	0.0015290886	0	0	0	0
crabs_bin.119	0	0	0	0	0	0	0	0	0	0	0	0	0	0	0	0	0	0	0	0	0	0	0	0	0.010196027	0.49825248	0.00027584893	0.0055234767	0.00007675693	0.0019644962	0.00030430988	0.01915047	0.00006136796	0.0011691824	0.00091821764	0.012786086	0.0006822445	0.008470296	0.0016987362	0.0121202255	0.0049966527	0.074505314	0.0032187924	0.066667944	0.0029092927	0.036604036	0.001859446	0.011456522	0.0046598986	0.042177435	0.00089322025	0.03671224	0.0047955294	0.793136	0.009830665	2.0726829	0.06225905	2.4177082	0.23976792	5.378017	0.65545446	5.747573	0	0	0.000012984973	0.008155123
Tuerk_Half_DAS_TuerkHalves_bin.314	0	0	0	0	0	0	0	0	0.000006745462	0.0040704045	0	0	0	0	0	0	0.000015734422	0.0114988955	0.000017537946	0.004729274	0	0	0.000043255302	0.051240545	0.000003012527	0.00023920063	0.00017666204	0.003937978	0.0000088482275	0.00021751631	0.00047632772	0.030831266	0.00017433695	0.003560046	0.0030100977	0.040916007	0.0002882622	0.003868684	0.0018650796	0.012975641	0.0006515891	0.0097931465	0.074274585	1.4501624	0.26354793	3.1154408	0.06390892	0.359265	0.5560145	4.6088123	0	0	0.000008880187	0.0012975268	0	0	0	0	0.0000054157135	0.00016710797	0	0	0	0	0	0
Tuerk_Half_DAS_TuerkHalves_bin.216_cleaned	0	0	0	0	0	0	0	0	0	0	0	0	0	0	0	0	0	0	0	0	0	0	0	0	0.0000068306194	0.00032406312	0.00036513445	0.007335729	0.0000028168229	0.00014734287	0.00022592535	0.014528502	0.0005311122	0.011237736	0.20511833	2.5787914	0.009130997	0.10535778	0.05546854	0.3547411	0.024833288	0.33388126	0.00088539044	0.01776144	0.031430654	0.37268162	0.0015727843	0.009261868	0.0017942962	0.015880838	0.00015662491	0.0059211105	0	0	0	0	0	0	0.00000906908	0.00022639375	0	0	0	0	0.000027223648	0.01345647
crabs_bin.298	0	0	0	0	0.000015228411	0.0041540014	0	0	0	0	0	0	0	0	0	0	0.000028570163	0.019711468	0	0	0.0000638408	0.025710814	0.0000105386725	0.021959204	0	0	0	0	0.0005454645	0.013982535	0	0	0	0	0.20901644	2.6685598	1.5007825	17.563984	0.6816631	4.431571	0.5484297	7.4727917	0.104682006	2.0523522	0.00001526224	0.0001799604	0.000010491338	0.00006873371	0	0	0.000033361302	0.0012966952	0	0	0	0	0	0	0	0	0	0	0	0	0	0
Tuerk_Half_DAS_TuerkHalves_bin.389_sub	0.00003219009	0.2703421	0.000021263908	0.19082667	0.000028603012	0.06909701	0.000031023097	0.07676202	0.00001528348	0.079989225	0.00007791227	0.20393415	0.000019311221	0.080350585	0.000055165903	0.09142559	0.000041065992	0.23926196	0.000031745192	0.06742485	0.000011311311	0.033995997	0.000032989316	0.30603364	0.000009454697	0.003225924	0.000006736378	0.0007376198	0.000013455813	0.0028496694	0.0000051127718	0.0019627768	0.000009617054	0.001097411	0.000028708175	0.0014602222	0.000012225279	0.00063492305	0.00004621867	0.00049711193	0.00023126311	0.0040473985	0.09998614	1.929003	0.25683588	3.0086432	0.042386845	0.23603085	0.2117487	1.7407671	0.000044321278	0.0027851895	0.000015318645	0.010999243	0.000010598504	0.015214672	0.000008583734	0.0017426088	0.000038216655	0.0012556121	0.00008213934	0.0009143758	0	0	0.000044665387	0.1875356
Tuerk_Half_DAS_TuerkHalves_bin.315	0	0	0	0	0	0	0.0000114207805	0.003161668	0.000004383212	0.0028423914	0	0	0	0	0	0	0	0	0	0	0	0	0	0	0.0012111125	0.058295373	0.006255726	0.11163899	0.0000762196	0.0019746106	0.006468583	0.38266674	0.0013778474	0.025406966	0.16607131	2.0724366	0.03885618	0.44400126	0.7522119	4.76656	0.5098923	6.783858	0.3487995	6.6856422	0.44971904	5.232688	0.09530325	0.52681416	0.7221403	5.894381	0.00045191543	0.016668526	0.0030209967	0.44533432	0.00039509367	0.082719214	0.0017433496	0.066319585	0.052190874	1.1469136	0.011044794	0.095384695	0	0	0.000028323564	0.013872036
Tuerk_Half_DAS_TuerkHalves_bin.142_sub	0	0	0	0	0	0	0	0	0	0	0	0	0	0	0	0	0	0	0	0	0	0	0	0	0.00002127128	0.0010601755	0.00013146656	0.0024645338	0.000006473084	0.00016067784	0.00007359008	0.00455497	0.000008548829	0.00015778693	0.025379112	0.3209208	0.0007789797	0.009314216	0.38378373	2.45699	0.48370612	6.502318	0.0034314615	0.06888456	0.0042225225	0.051906377	0.002048025	0.0119364755	0.00399413	0.034199614	0.000072550356	0.002855976	0.00027278654	0.04361058	0.00002625295	0.005833551	0.00020638698	0.008418619	0.00050158653	0.0116035035	0.0007623872	0.0068887165	0	0	0	0
Birg_nocov.12	0	0	0	0	0	0	0	0	0	0	0	0	0.000004878928	0.002344144	0	0	0.0000124188155	0.008531375	0	0	0	0	0	0	0.2815704	13.607345	0.000045870274	0.0008927429	0.77472293	19.414564	0.00008736184	0.005569478	0.0004896852	0.009614349	0.07414823	0.9372392	0.03676897	0.4250691	0.16049129	1.028968	0.050497014	0.679941	0.0544336	1.0566221	0.021810696	0.2571381	0.039258353	0.21984382	0.009372833	0.07783442	0.00005784945	0.002244905	0.0022458837	0.34223062	0.00034986986	0.07323889	0.0001621424	0.0071133627	0.000110994355	0.0026656217	0.00027037432	0.002471036	0	0	0	0
Birg_Half_DAS_BirgitHalves_bin.89	0	0	0	0	0	0	0	0	0	0	0	0	0	0	0	0	0	0	0	0	0	0	0	0	0.000029657238	0.001683271	0.0013186531	0.02848159	0.0008211886	0.023342824	0.0015282503	0.101877674	0.0014664176	0.034947935	0.00014476379	0.0018750783	0.00032949785	0.0045373645	0.005324646	0.03552902	0.001455102	0.021258065	0.00023232284	0.0048360885	0.0011933463	0.015267793	0.00047110298	0.00275108	0.0014813757	0.012477379	0.34576595	12.820454	0	0	0	0	0	0	0	0	0	0	0	0	0	0
old_originals_METABAT__424-contigs	0	0	0	0	0.000060897444	0.01651212	0.000024985855	0.010283661	0.000039639013	0.027735539	0.0003099345	0.10711865	0	0	0.000097309414	0.020465197	0.000045288958	0.039176457	0	0	0.000019508487	0.008015706	0.00010276066	0.11638353	0.00016116291	0.0092361085	0.005174079	0.11435164	0.0003077443	0.009386922	0.0032519754	0.25544846	0.00541777	0.12072389	0.003849513	0.061462354	0.0022130555	0.03189359	0.0051048496	0.03936147	0.00352014	0.05776094	0.0054741064	0.119110115	0.019421125	0.27842665	0.00612454	0.04134667	0.008311727	0.07953835	0.0027044248	0.12523168	0.11293835	17.485113	0.044824034	9.476645	0.16658895	6.644325	0.6260478	13.963456	0.9959456	8.635338	0	0	0.00031162624	0.15792094
Tuerk_Half_DAS_TuerkHalves_bin.379	0.000019393605	0.04779143	0.0000058257483	0.017111743	0.00024564512	0.17717338	0.00014801155	0.11154201	0.000041314135	0.06793032	0.00013727865	0.1124386	0.000046019846	0.057750538	0.0001715801	0.08592631	0.000058781246	0.10965897	0.00017827384	0.116509944	0.00003790093	0.039264392	0.00003406593	0.040721197	0.000070179456	0.008934433	0.0000028508873	0.000086931585	0.00010127873	0.005877296	0.000014239802	0.0012783554	0.000022327782	0.0005092545	0.5582224	7.0730543	0.000049982933	0.0009109536	0.3205067	2.0636272	0.011806894	0.16086294	0.0001655747	0.0053774444	0.0006159882	0.007397438	0.048424825	0.27085236	0.0005191982	0.0045012576	0.000011347304	0.0006679429	0.000022485512	0.004640188	0.0000299316	0.0135977715	0.000016434695	0.0012938546	0.000019590878	0.0007968108	0.000007770146	0.00013234054	0	0	0.0014168312	1.8786577
Tuerk_Half_DAS_TuerkHalves_bin.9	0	0	0	0	0	0	0	0	0	0	0	0	0	0	0	0	0	0	0	0	0	0	0	0	0	0	0	0	0	0	0	0	0	0	0	0	0.20342496	2.3540695	0.08529803	0.5482356	0.10621028	1.4320526	0	0	0	0	0	0	0	0	0	0	0	0	0	0	0	0	0	0	0	0	0	0	0	0
old_originals_METABAT__235-contigs	0	0	0	0	0	0	0	0	0	0	0	0	0	0	0.000008773206	0.0016489081	0.0000073894576	0.0063129985	0	0	0	0	0	0	0.58707696	28.353231	0.00025010225	0.005525075	0.31124178	7.8085327	0.000106076026	0.0075066	0.00038132817	0.008677971	0.00022661462	0.0029582586	0.0011393443	0.014395612	0.0047148857	0.030728811	0.00066050014	0.009755794	0.00074946514	0.014975745	0.0019101851	0.023054391	0.0045081214	0.025601547	0.0036056885	0.030176783	0.00015252178	0.00692155	0.00001631227	0.002493239	0	0	0.000016197644	0.0006952064	0.000040075138	0.0010550537	0.000048869995	0.00050283835	0	0	0	0
Tuerk_Half_DAS_TuerkHalves_bin.250	0	0	0	0	0	0	0.000008632701	0.0043755793	0.000028899383	0.019668587	0.0000163382	0.005064195	0	0	0	0	0	0	0	0	0	0	0	0	0.000040200062	0.0020805127	0.0011192403	0.020402983	0.000047427897	0.0012612718	0.0011037696	0.06606924	0.00040483882	0.007637904	0.00023370524	0.0044634985	0.0014201812	0.028317725	0.00070214336	0.0053947982	0.0011423645	0.017707374	0.000235117	0.005721933	0.00013569697	0.0019614915	0.0002332042	0.002170004	0.0007231989	0.0066638133	0.00007864664	0.0029241564	0.021461986	3.193823	0.02331589	4.827196	0.07916665	3.0349495	1.0399655	22.990461	1.4015207	12.128096	0	0	0.000036965386	0.019198153
Tuerk_Half_DAS_TuerkHalves_bin.349	0	0	0	0	0	0	0	0	0	0	0	0	0	0	0	0	0	0	0.000019506047	0.004848231	0	0	0	0	0.0023938264	0.11942083	0.0002133354	0.0038127513	0.0011347111	0.028765393	0.000046469588	0.002748415	0.00014950545	0.0027736905	0.0017907879	0.026041219	0.0015817207	0.020344079	0.005816678	0.04041474	0.0019756393	0.029146865	0.0006602105	0.013440012	0.0005869069	0.0076770685	0.0006442591	0.0042749303	0.0050654165	0.04362463	0.0005384231	0.020334493	0.41204366	61.532707	0.1167744	24.361492	0.24866976	9.590877	2.3426752	52.12625	2.0339231	17.71335	0	0	0	0
crabs_bin.500_sub	0	0	0	0	0	0	0.00001838941	0.005553451	0	0	0.000010438845	0.0032137185	0	0	0.000009812587	0.0018419586	0	0	0	0	0	0	0.000012178911	0.015712552	0.9964255	48.119858	0.0003030553	0.0057023345	0.005429765	0.13966948	0.0004184108	0.025485208	0.000068417285	0.0013099957	0.001302705	0.017685086	0.00084566866	0.010632805	0.003526679	0.024055919	0.008862216	0.12651345	0.0038983913	0.0810517	0.008481226	0.108894594	0.0025334689	0.015197018	0.008530466	0.07557523	0.00049842143	0.019278228	0.0021707783	0.3350128	0.00020749249	0.047624737	0.00038076285	0.015642935	0.0062499447	0.14522119	0.0055350363	0.05109003	0	0	0.00008453045	0.042640757
Tuerk_Half_DAS_TuerkHalves_bin.344_sub	0	0	0	0	0	0	0	0	0	0	0	0	0	0	0	0	0	0	0	0	0	0	0	0	0	0	0.0000028812876	0.00006939422	0	0	0	0	0	0	0.00049143523	0.009127965	0.000055556902	0.00095442386	0.0006348337	0.0045800754	0.00030412312	0.004659465	0.00090052735	0.018377747	0.006231293	0.076633066	0.515286	2.8727102	0.0016181992	0.014466476	0.000017421724	0.0006398325	0.0000364258	0.00535035	0.0000038648386	0.0008349685	0.00005266914	0.0020656711	0.00007644199	0.0017491763	0.00001550614	0.00013205312	0	0	0	0
crabs_bin.5	0	0	0	0	0	0	0	0	0	0	0	0	0	0	0	0	0	0	0	0	0	0	0.0000616957	0.074213356	0	0	0.00002435517	0.0004752918	0.000008589481	0.000420048	0.000014012089	0.0010354535	0.00008824731	0.0017187102	0.0010230676	0.013721561	0.0003010348	0.0038737764	0.0132543575	0.087629	0.001767694	0.024783406	0.002606004	0.051451348	0.009855997	0.12765326	0.80417615	4.514528	0.0024429266	0.022398924	0	0	0	0	0	0	0	0	0	0	0	0	0	0	0	0
Tuerk_Half_DAS_TuerkHalves_bin.13	0	0	0	0	0	0	0	0	0	0	0	0	0	0	0.0000059663394	0.0023432141	0	0	0	0	0	0	0	0	0.000015604212	0.0007464787	0.000059743103	0.0011094537	0	0	0.00003115204	0.001882483	0	0	0.02264281	0.28572613	0.0017866062	0.02068075	0.024731684	0.15877967	0.9438979	12.694376	0.001435354	0.028540418	0.009189304	0.10898794	0.0036838707	0.02083417	0.0036415474	0.030471753	0.0004217518	0.015606467	0.0000073238693	0.0015184575	0	0	0.000031958123	0.0015524726	0.00018291503	0.004237167	0.0002749705	0.0026633919	0	0	0	0
Tuerk_Half_DAS_TuerkHalves_bin.171	0	0	0	0	0	0	0	0	0	0	0	0	0	0	0	0	0	0	0	0	0	0	0	0	0	0	0.00003758765	0.00067528145	0.00035314064	0.008904772	0.00016853746	0.010278649	0.00011103927	0.0020820375	0.005927858	0.07884018	0.00084232434	0.009916069	0.3322405	2.1346107	0.0031141061	0.043263193	0.0002771382	0.005771104	0.0010286152	0.01277967	0.0011613944	0.0066701765	0.001304878	0.011265808	0.00055783225	0.020863462	0.000106099986	0.016019922	0.00009599409	0.019671429	0	0	0.000022284934	0.0004886525	0.000007663366	0.00008115921	0	0	0	0
Tuerk_Half_DAS_TuerkHalves_bin.393	0	0	0	0	0	0	0	0	0.0000045316156	0.0032227132	0	0	0	0	0	0	0	0	0	0	0	0	0.000018673463	0.020284664	0.0000039535753	0.00018938536	0.00012642544	0.0024250066	0	0	0.00006280053	0.0040330277	0.000045056207	0.00090196496	0.00019712129	0.0025784692	0.00008239418	0.0009642785	0.0006034943	0.0040268465	0.000331431	0.00462718	0.00044599205	0.009040595	0.00050883036	0.006206189	0.0002956406	0.0017460379	0.00051048124	0.0044454746	0.0005886106	0.02249227	0.034560557	5.2531357	0.005107712	1.0858488	0.040749744	1.60212	0.3283184	7.291279	0.54145277	4.6986313	0	0	0.00018314802	0.094368964
Tuerk_Half_DAS_TuerkHalves_bin.311	0	0	0	0	0	0	0	0	0	0	0	0	0	0	0	0	0	0	0	0	0	0	0	0	0	0	0.000009160132	0.00016587773	0.00010362478	0.0026387554	0.000006903911	0.00040654707	0.0000986801	0.0018354891	0.11396733	1.4455442	0	0	0.012848529	0.08322034	0.010939757	0.148744	0	0	0.0000066567372	0.00010613049	0.00006644078	0.00036481733	0	0	0.0008145592	0.034667198	0.00007401373	0.011805513	0.0033191282	0.69257104	0.082382664	3.2095144	0.20029067	4.4723372	0.29508838	2.5728452	0	0	0	0
Birg_Half_DAS_BirgitHalves_bin.45	0	0	0	0	0	0	0	0	0.000038984057	0.027256632	0.00021105802	0.07368834	0	0	0.00004831358	0.010055914	0.00022038582	0.17710002	0	0	0	0	0	0	0.00042699432	0.02146356	0.00007701207	0.0016847415	0.00004993052	0.0013108982	0.0000712442	0.004667685	0.0000439404	0.00090588664	0.00040186042	0.005590736	0.0039352356	0.05176373	0.0005269439	0.0037878836	0.0008223208	0.012375168	0.00023607358	0.0052390858	0.0002999001	0.0039836066	0.0006357997	0.0040543247	0.0006394874	0.005969561	0.22885975	8.318661	0.0035270667	0.54607993	0.00018033053	0.038779743	0.0024040157	0.09569691	0.001094225	0.024562147	0.0009431911	0.008223995	0	0	0.00004436988	0.026604708
old_originals_METABAT__368-contigs_cleaned	0	0	0	0	0	0	0	0	0	0	0	0	0	0	0	0	0	0	0	0	0	0	0	0	0	0	0.0000030561844	0.000060920032	0	0	0	0	0	0	0.62014943	8.050652	0.008868831	0.10916287	0.1644114	1.0851387	0.03264748	0.48804104	0.0008720065	0.017664434	0.009771443	0.12071282	0.03194619	0.18514124	0.008833226	0.07559582	0.00063921034	0.026774285	0.000014324327	0.0021678384	0.000021437752	0.0043980298	0.000009890856	0.00040298185	0.0000083184	0.00018613004	0	0	0	0	0	0
Tuerk_Half_DAS_TuerkHalves_bin.137	0	0	0	0	0	0	0	0	0	0	0	0	0	0	0	0	0	0	0	0	0	0	0	0	0.00012703752	0.006077737	0.0000029303094	0.000053449916	0.00012112999	0.0029759533	0.000008944436	0.00052399817	0	0	0.0110424375	0.13870415	0.00033967063	0.0039207013	0.26586807	1.6876408	0.005348862	0.07170056	0.00007906169	0.001653162	0.000023597346	0.000273583	0.00020612824	0.001175532	0.000018132534	0.00019252868	0.0004815495	0.017905865	0.000249537	0.072276555	0.0000152488865	0.0064312266	0.00017231629	0.012374865	0.00012159552	0.0035927424	0.00001100667	0.00012205446	0	0	0	0
crabs_bin.1	0.000018302628	0.017484188	0	0	0	0	0	0	0	0	0.0000058083274	0.0022852744	0	0	0	0	0	0	0	0	0	0	0.00010281198	0.11173192	0	0	0.00002316092	0.00042934535	0	0	0.0000014312743	0.00011691953	0	0	0.0013408014	0.017740484	0.00003740684	0.0004686561	0.00012897512	0.0009737852	0.0010703368	0.014844698	0.004716391	0.09120297	0.552912	6.5144224	3.465524	19.372677	0.0017667256	0.014949682	0	0	0.00008563941	0.0130148055	0	0	0.0000020489185	0.000078891404	0	0	0.0000021158573	0.000018155979	0	0	0	0
crabs_bin.7	0	0	0	0	0	0	0	0	0	0	0	0	0	0	0	0	0	0	0	0	0.000007911402	0.0032654807	0	0	0.0049854065	0.24154767	0.00001126516	0.0002024342	3.244703	81.61354	0.00022767129	0.013561235	0.000045195997	0.00083450903	0.000118415184	0.001497583	0	0	0.00015480256	0.0010100965	0.00020535734	0.002776945	0.000048602666	0.0010435205	0.00004769855	0.0005612522	0	0	0.00033152668	0.0027647917	0	0	0.000010293451	0.001600804	0.000030835596	0.006495303	0.00034398245	0.0131677035	0.0011790781	0.0261832	0.004541063	0.03952361	0	0	0.00001218107	0.0061271107
crabs_bin.39	0	0	0	0	0	0	0	0	0	0	0	0	0	0	0.000007296038	0.0022195373	0	0	0.000013823528	0.0034949428	0	0	0	0	0.00009911362	0.0049495525	0.00005358078	0.001091315	0.000032784683	0.0008037248	0.00008671853	0.005547498	0.0000113067135	0.00026308806	0.003860527	0.048615504	0.0038123555	0.043784518	0.0054327715	0.034872506	0.02913541	0.39267397	0.02330398	0.4531716	0.11758863	1.3772315	0.08597559	0.4765029	0.52377033	4.2786665	0.00021305021	0.008447282	0.00077657076	0.120338775	0	0	0.000021162368	0.0008021082	0.00021360019	0.0050632176	0.0010152406	0.009168281	0	0	0	0
